23ec8bbec8eb40478411cba2e55b732e_i2_1.jpg,,,,,,,,,,,,,,,,,,,,,,,,,,,,,,,,,,,,,,,,,,,,,,,,
77a1a11978b04e9cbf74914c98578ab8_i0_5.jpg,,,,,,,,,,,,,,,,,,,,,,,,,,,,,,,,,,,,,,,,,,,,,,,,
0f37bd0737e349de9d536263a4bdd60d_i1_1.jpg,,,,,,,,,,,,,,,,,,,,,,,,,,,,,,,,,,,,,,,,,,,,,,,,
b2e9278f9b8f4661abcb0446d2cbb98e_i2_3.jpg,chair,93.35,1066,242,215,262,diningtable,70.71,68,34,1171,939,,,,,,,,,,,,,,,,,,,,,,,,,,,,,,,,,,,,
8345f786b7cb4e1eb6c63e2b87ddcabb_i0_4.jpg,,,,,,,,,,,,,,,,,,,,,,,,,,,,,,,,,,,,,,,,,,,,,,,,
85c23efeaecd4d43a7dcd5b90137179e_i2_4.jpg,keyboard,55.31,25,-18,1205,300,,,,,,,,,,,,,,,,,,,,,,,,,,,,,,,,,,,,,,,,,,
abe20dd6e5194f579dfc6b63a612c150_i2_2.jpg,,,,,,,,,,,,,,,,,,,,,,,,,,,,,,,,,,,,,,,,,,,,,,,,
f4d03f729dfc49068db327584455e975_i2_3.jpg,,,,,,,,,,,,,,,,,,,,,,,,,,,,,,,,,,,,,,,,,,,,,,,,
23ec8bbec8eb40478411cba2e55b732e_i0_3.jpg,,,,,,,,,,,,,,,,,,,,,,,,,,,,,,,,,,,,,,,,,,,,,,,,
da5fa65c13e643719a20cbb818c9a85d_i1_5.jpg,sink,55.05,719,689,161,30,,,,,,,,,,,,,,,,,,,,,,,,,,,,,,,,,,,,,,,,,,
b2e9278f9b8f4661abcb0446d2cbb98e_i0_1.jpg,,,,,,,,,,,,,,,,,,,,,,,,,,,,,,,,,,,,,,,,,,,,,,,,
b185432bf33645aca813ac2a961b4140_i2_4.jpg,laptop,68.25,8,35,1243,933,,,,,,,,,,,,,,,,,,,,,,,,,,,,,,,,,,,,,,,,,,
abe20dd6e5194f579dfc6b63a612c150_i0_0.jpg,scissors,61.98,754,251,522,564,,,,,,,,,,,,,,,,,,,,,,,,,,,,,,,,,,,,,,,,,,
ee59d6b5e5da4def9fe85a8ba94ecf25_i1_1.jpg,chair,87.24,84,828,274,194,,,,,,,,,,,,,,,,,,,,,,,,,,,,,,,,,,,,,,,,,,
f4d03f729dfc49068db327584455e975_i0_1.jpg,,,,,,,,,,,,,,,,,,,,,,,,,,,,,,,,,,,,,,,,,,,,,,,,
db145474a5fa476d95c2cc7f09e7c83a_i2_5.jpg,,,,,,,,,,,,,,,,,,,,,,,,,,,,,,,,,,,,,,,,,,,,,,,,
701f7128272a4bb2acd9dbd89b5cdf6f_i2_0.jpg,pottedplant,59.22,672,250,353,320,,,,,,,,,,,,,,,,,,,,,,,,,,,,,,,,,,,,,,,,,,
1a41339ece1846eda6a924cdb4c417dd_i2_3.jpg,,,,,,,,,,,,,,,,,,,,,,,,,,,,,,,,,,,,,,,,,,,,,,,,
0e92a69a50414253a23043758f111cec_i1_2.jpg,,,,,,,,,,,,,,,,,,,,,,,,,,,,,,,,,,,,,,,,,,,,,,,,
08115b08da534f1aafff2fa81fc73512_i0_0.jpg,,,,,,,,,,,,,,,,,,,,,,,,,,,,,,,,,,,,,,,,,,,,,,,,
c341c46acf7044d1a712d622cbc94a27_i1_1.jpg,bottle,62.53,822,825,50,132,,,,,,,,,,,,,,,,,,,,,,,,,,,,,,,,,,,,,,,,,,
3a6d2322867f40d9a3d2758ab88df288_i1_1.jpg,bed,89.59,-17,631,650,407,,,,,,,,,,,,,,,,,,,,,,,,,,,,,,,,,,,,,,,,,,
1a41339ece1846eda6a924cdb4c417dd_i0_1.jpg,,,,,,,,,,,,,,,,,,,,,,,,,,,,,,,,,,,,,,,,,,,,,,,,
701f7128272a4bb2acd9dbd89b5cdf6f_i0_2.jpg,,,,,,,,,,,,,,,,,,,,,,,,,,,,,,,,,,,,,,,,,,,,,,,,
08115b08da534f1aafff2fa81fc73512_i2_2.jpg,chair,52.79,964,105,315,625,,,,,,,,,,,,,,,,,,,,,,,,,,,,,,,,,,,,,,,,,,
5efaa5e4a30e481f9dadc1bac5e56a21_i2_5.jpg,remote,86.58,815,325,127,39,,,,,,,,,,,,,,,,,,,,,,,,,,,,,,,,,,,,,,,,,,
7ad0b4e15c4f4cf38f56efbbcadfbf6a_i1_5.jpg,toilet,96.31,215,683,179,326,,,,,,,,,,,,,,,,,,,,,,,,,,,,,,,,,,,,,,,,,,
7ad0b4e15c4f4cf38f56efbbcadfbf6a_i1_4.jpg,,,,,,,,,,,,,,,,,,,,,,,,,,,,,,,,,,,,,,,,,,,,,,,,
5efaa5e4a30e481f9dadc1bac5e56a21_i2_4.jpg,,,,,,,,,,,,,,,,,,,,,,,,,,,,,,,,,,,,,,,,,,,,,,,,
08115b08da534f1aafff2fa81fc73512_i2_3.jpg,chair,97.69,39,71,1045,744,,,,,,,,,,,,,,,,,,,,,,,,,,,,,,,,,,,,,,,,,,
1a41339ece1846eda6a924cdb4c417dd_i0_0.jpg,,,,,,,,,,,,,,,,,,,,,,,,,,,,,,,,,,,,,,,,,,,,,,,,
701f7128272a4bb2acd9dbd89b5cdf6f_i0_3.jpg,,,,,,,,,,,,,,,,,,,,,,,,,,,,,,,,,,,,,,,,,,,,,,,,
3a6d2322867f40d9a3d2758ab88df288_i1_0.jpg,bed,96.38,724,652,565,362,,,,,,,,,,,,,,,,,,,,,,,,,,,,,,,,,,,,,,,,,,
c341c46acf7044d1a712d622cbc94a27_i1_0.jpg,,,,,,,,,,,,,,,,,,,,,,,,,,,,,,,,,,,,,,,,,,,,,,,,
08115b08da534f1aafff2fa81fc73512_i0_1.jpg,,,,,,,,,,,,,,,,,,,,,,,,,,,,,,,,,,,,,,,,,,,,,,,,
0e92a69a50414253a23043758f111cec_i1_3.jpg,,,,,,,,,,,,,,,,,,,,,,,,,,,,,,,,,,,,,,,,,,,,,,,,
701f7128272a4bb2acd9dbd89b5cdf6f_i2_1.jpg,toilet,72.32,162,368,599,627,,,,,,,,,,,,,,,,,,,,,,,,,,,,,,,,,,,,,,,,,,
1a41339ece1846eda6a924cdb4c417dd_i2_2.jpg,laptop,53.26,-8,-36,510,955,,,,,,,,,,,,,,,,,,,,,,,,,,,,,,,,,,,,,,,,,,
db145474a5fa476d95c2cc7f09e7c83a_i2_4.jpg,,,,,,,,,,,,,,,,,,,,,,,,,,,,,,,,,,,,,,,,,,,,,,,,
ee59d6b5e5da4def9fe85a8ba94ecf25_i1_0.jpg,chair,65.69,999,714,109,169,sink,56.59,239,686,49,25,oven,50.09,235,741,89,220,,,,,,,,,,,,,,,,,,,,,,,,,,,,,,
f4d03f729dfc49068db327584455e975_i0_0.jpg,,,,,,,,,,,,,,,,,,,,,,,,,,,,,,,,,,,,,,,,,,,,,,,,
abe20dd6e5194f579dfc6b63a612c150_i0_1.jpg,,,,,,,,,,,,,,,,,,,,,,,,,,,,,,,,,,,,,,,,,,,,,,,,
b185432bf33645aca813ac2a961b4140_i2_5.jpg,sofa,53.33,723,7,560,366,,,,,,,,,,,,,,,,,,,,,,,,,,,,,,,,,,,,,,,,,,
b2e9278f9b8f4661abcb0446d2cbb98e_i0_0.jpg,,,,,,,,,,,,,,,,,,,,,,,,,,,,,,,,,,,,,,,,,,,,,,,,
da5fa65c13e643719a20cbb818c9a85d_i1_4.jpg,toilet,66.42,1,814,162,212,,,,,,,,,,,,,,,,,,,,,,,,,,,,,,,,,,,,,,,,,,
23ec8bbec8eb40478411cba2e55b732e_i0_2.jpg,,,,,,,,,,,,,,,,,,,,,,,,,,,,,,,,,,,,,,,,,,,,,,,,
f4d03f729dfc49068db327584455e975_i2_2.jpg,remote,80.68,894,369,142,64,,,,,,,,,,,,,,,,,,,,,,,,,,,,,,,,,,,,,,,,,,
85c23efeaecd4d43a7dcd5b90137179e_i2_5.jpg,,,,,,,,,,,,,,,,,,,,,,,,,,,,,,,,,,,,,,,,,,,,,,,,
abe20dd6e5194f579dfc6b63a612c150_i2_3.jpg,,,,,,,,,,,,,,,,,,,,,,,,,,,,,,,,,,,,,,,,,,,,,,,,
b2e9278f9b8f4661abcb0446d2cbb98e_i2_2.jpg,sink,86.51,343,90,281,154,,,,,,,,,,,,,,,,,,,,,,,,,,,,,,,,,,,,,,,,,,
8345f786b7cb4e1eb6c63e2b87ddcabb_i0_5.jpg,,,,,,,,,,,,,,,,,,,,,,,,,,,,,,,,,,,,,,,,,,,,,,,,
0f37bd0737e349de9d536263a4bdd60d_i1_0.jpg,chair,95.64,-7,703,249,293,chair,82.32,272,663,131,185,tvmonitor,72.38,0,476,73,254,chair,56.8,568,686,93,158,,,,,,,,,,,,,,,,,,,,,,,,
77a1a11978b04e9cbf74914c98578ab8_i0_4.jpg,,,,,,,,,,,,,,,,,,,,,,,,,,,,,,,,,,,,,,,,,,,,,,,,
23ec8bbec8eb40478411cba2e55b732e_i2_0.jpg,bed,92.74,236,-9,1043,1028,,,,,,,,,,,,,,,,,,,,,,,,,,,,,,,,,,,,,,,,,,
23ec8bbec8eb40478411cba2e55b732e_i2_2.jpg,,,,,,,,,,,,,,,,,,,,,,,,,,,,,,,,,,,,,,,,,,,,,,,,
e693b5de8ad84d4cb61a79ece2e66d11_i1_4.jpg,,,,,,,,,,,,,,,,,,,,,,,,,,,,,,,,,,,,,,,,,,,,,,,,
b185432bf33645aca813ac2a961b4140_i0_5.jpg,,,,,,,,,,,,,,,,,,,,,,,,,,,,,,,,,,,,,,,,,,,,,,,,
b2e9278f9b8f4661abcb0446d2cbb98e_i2_0.jpg,,,,,,,,,,,,,,,,,,,,,,,,,,,,,,,,,,,,,,,,,,,,,,,,
0f37bd0737e349de9d536263a4bdd60d_i1_2.jpg,,,,,,,,,,,,,,,,,,,,,,,,,,,,,,,,,,,,,,,,,,,,,,,,
f4d03f729dfc49068db327584455e975_i2_0.jpg,,,,,,,,,,,,,,,,,,,,,,,,,,,,,,,,,,,,,,,,,,,,,,,,
abe20dd6e5194f579dfc6b63a612c150_i2_1.jpg,toilet,97.16,115,634,659,382,pottedplant,88.04,21,83,467,374,,,,,,,,,,,,,,,,,,,,,,,,,,,,,,,,,,,,
23ec8bbec8eb40478411cba2e55b732e_i0_0.jpg,,,,,,,,,,,,,,,,,,,,,,,,,,,,,,,,,,,,,,,,,,,,,,,,
77a1a11978b04e9cbf74914c98578ab8_i2_4.jpg,sofa,62.47,742,12,546,560,,,,,,,,,,,,,,,,,,,,,,,,,,,,,,,,,,,,,,,,,,
b2e9278f9b8f4661abcb0446d2cbb98e_i0_2.jpg,,,,,,,,,,,,,,,,,,,,,,,,,,,,,,,,,,,,,,,,,,,,,,,,
8345f786b7cb4e1eb6c63e2b87ddcabb_i2_5.jpg,,,,,,,,,,,,,,,,,,,,,,,,,,,,,,,,,,,,,,,,,,,,,,,,
f4d03f729dfc49068db327584455e975_i0_2.jpg,umbrella,84.52,90,49,1122,901,,,,,,,,,,,,,,,,,,,,,,,,,,,,,,,,,,,,,,,,,,
902e65564f81489687878425d9b3cb55_i1_4.jpg,,,,,,,,,,,,,,,,,,,,,,,,,,,,,,,,,,,,,,,,,,,,,,,,
ee59d6b5e5da4def9fe85a8ba94ecf25_i1_2.jpg,sofa,92.92,-3,623,483,383,,,,,,,,,,,,,,,,,,,,,,,,,,,,,,,,,,,,,,,,,,
85c23efeaecd4d43a7dcd5b90137179e_i0_5.jpg,,,,,,,,,,,,,,,,,,,,,,,,,,,,,,,,,,,,,,,,,,,,,,,,
abe20dd6e5194f579dfc6b63a612c150_i0_3.jpg,,,,,,,,,,,,,,,,,,,,,,,,,,,,,,,,,,,,,,,,,,,,,,,,
1a41339ece1846eda6a924cdb4c417dd_i2_0.jpg,toilet,92.74,321,610,614,396,pottedplant,54.3,520,-2,192,211,,,,,,,,,,,,,,,,,,,,,,,,,,,,,,,,,,,,
701f7128272a4bb2acd9dbd89b5cdf6f_i2_3.jpg,,,,,,,,,,,,,,,,,,,,,,,,,,,,,,,,,,,,,,,,,,,,,,,,
194bef4cbba641dc9860ba7f43a0c16a_i1_4.jpg,,,,,,,,,,,,,,,,,,,,,,,,,,,,,,,,,,,,,,,,,,,,,,,,
5efaa5e4a30e481f9dadc1bac5e56a21_i0_4.jpg,,,,,,,,,,,,,,,,,,,,,,,,,,,,,,,,,,,,,,,,,,,,,,,,
0e92a69a50414253a23043758f111cec_i1_1.jpg,chair,98.44,343,798,214,207,chair,98.14,613,717,111,78,chair,93.41,582,849,291,163,chair,90.08,684,751,170,114,chair,71.51,252,746,128,267,diningtable,69.04,275,720,565,192,chair,67.76,238,710,95,118,,,,,,
08115b08da534f1aafff2fa81fc73512_i0_3.jpg,,,,,,,,,,,,,,,,,,,,,,,,,,,,,,,,,,,,,,,,,,,,,,,,
c341c46acf7044d1a712d622cbc94a27_i1_2.jpg,chair,94.39,665,604,165,247,vase,84.12,901,827,53,98,,,,,,,,,,,,,,,,,,,,,,,,,,,,,,,,,,,,
3a6d2322867f40d9a3d2758ab88df288_i1_2.jpg,sink,59.03,603,686,60,27,,,,,,,,,,,,,,,,,,,,,,,,,,,,,,,,,,,,,,,,,,
701f7128272a4bb2acd9dbd89b5cdf6f_i0_1.jpg,,,,,,,,,,,,,,,,,,,,,,,,,,,,,,,,,,,,,,,,,,,,,,,,
1a41339ece1846eda6a924cdb4c417dd_i0_2.jpg,,,,,,,,,,,,,,,,,,,,,,,,,,,,,,,,,,,,,,,,,,,,,,,,
db145474a5fa476d95c2cc7f09e7c83a_i0_4.jpg,,,,,,,,,,,,,,,,,,,,,,,,,,,,,,,,,,,,,,,,,,,,,,,,
08115b08da534f1aafff2fa81fc73512_i2_1.jpg,,,,,,,,,,,,,,,,,,,,,,,,,,,,,,,,,,,,,,,,,,,,,,,,
08115b08da534f1aafff2fa81fc73512_i2_0.jpg,,,,,,,,,,,,,,,,,,,,,,,,,,,,,,,,,,,,,,,,,,,,,,,,
db145474a5fa476d95c2cc7f09e7c83a_i0_5.jpg,,,,,,,,,,,,,,,,,,,,,,,,,,,,,,,,,,,,,,,,,,,,,,,,
701f7128272a4bb2acd9dbd89b5cdf6f_i0_0.jpg,,,,,,,,,,,,,,,,,,,,,,,,,,,,,,,,,,,,,,,,,,,,,,,,
1a41339ece1846eda6a924cdb4c417dd_i0_3.jpg,,,,,,,,,,,,,,,,,,,,,,,,,,,,,,,,,,,,,,,,,,,,,,,,
3a6d2322867f40d9a3d2758ab88df288_i1_3.jpg,sofa,63.15,667,785,549,239,,,,,,,,,,,,,,,,,,,,,,,,,,,,,,,,,,,,,,,,,,
c341c46acf7044d1a712d622cbc94a27_i1_3.jpg,,,,,,,,,,,,,,,,,,,,,,,,,,,,,,,,,,,,,,,,,,,,,,,,
08115b08da534f1aafff2fa81fc73512_i0_2.jpg,,,,,,,,,,,,,,,,,,,,,,,,,,,,,,,,,,,,,,,,,,,,,,,,
0e92a69a50414253a23043758f111cec_i1_0.jpg,sofa,98.27,456,645,621,213,chair,93.75,729,806,453,206,,,,,,,,,,,,,,,,,,,,,,,,,,,,,,,,,,,,
5efaa5e4a30e481f9dadc1bac5e56a21_i0_5.jpg,,,,,,,,,,,,,,,,,,,,,,,,,,,,,,,,,,,,,,,,,,,,,,,,
194bef4cbba641dc9860ba7f43a0c16a_i1_5.jpg,sofa,61.4,-12,619,1275,426,,,,,,,,,,,,,,,,,,,,,,,,,,,,,,,,,,,,,,,,,,
1a41339ece1846eda6a924cdb4c417dd_i2_1.jpg,,,,,,,,,,,,,,,,,,,,,,,,,,,,,,,,,,,,,,,,,,,,,,,,
701f7128272a4bb2acd9dbd89b5cdf6f_i2_2.jpg,,,,,,,,,,,,,,,,,,,,,,,,,,,,,,,,,,,,,,,,,,,,,,,,
85c23efeaecd4d43a7dcd5b90137179e_i0_4.jpg,,,,,,,,,,,,,,,,,,,,,,,,,,,,,,,,,,,,,,,,,,,,,,,,
abe20dd6e5194f579dfc6b63a612c150_i0_2.jpg,clock,88.11,479,3,763,983,,,,,,,,,,,,,,,,,,,,,,,,,,,,,,,,,,,,,,,,,,
902e65564f81489687878425d9b3cb55_i1_5.jpg,,,,,,,,,,,,,,,,,,,,,,,,,,,,,,,,,,,,,,,,,,,,,,,,
f4d03f729dfc49068db327584455e975_i0_3.jpg,,,,,,,,,,,,,,,,,,,,,,,,,,,,,,,,,,,,,,,,,,,,,,,,
ee59d6b5e5da4def9fe85a8ba94ecf25_i1_3.jpg,sink,57.34,419,755,231,84,,,,,,,,,,,,,,,,,,,,,,,,,,,,,,,,,,,,,,,,,,
b2e9278f9b8f4661abcb0446d2cbb98e_i0_3.jpg,laptop,60.18,26,63,1181,862,,,,,,,,,,,,,,,,,,,,,,,,,,,,,,,,,,,,,,,,,,
8345f786b7cb4e1eb6c63e2b87ddcabb_i2_4.jpg,,,,,,,,,,,,,,,,,,,,,,,,,,,,,,,,,,,,,,,,,,,,,,,,
77a1a11978b04e9cbf74914c98578ab8_i2_5.jpg,sofa,75.06,9,-8,1211,729,chair,61.45,721,274,395,452,,,,,,,,,,,,,,,,,,,,,,,,,,,,,,,,,,,,
23ec8bbec8eb40478411cba2e55b732e_i0_1.jpg,,,,,,,,,,,,,,,,,,,,,,,,,,,,,,,,,,,,,,,,,,,,,,,,
abe20dd6e5194f579dfc6b63a612c150_i2_0.jpg,pottedplant,91.66,548,185,333,290,toilet,71.33,792,597,471,437,,,,,,,,,,,,,,,,,,,,,,,,,,,,,,,,,,,,
f4d03f729dfc49068db327584455e975_i2_1.jpg,,,,,,,,,,,,,,,,,,,,,,,,,,,,,,,,,,,,,,,,,,,,,,,,
0f37bd0737e349de9d536263a4bdd60d_i1_3.jpg,bed,99,533,635,746,387,chair,97,-2,633,187,363,,,,,,,,,,,,,,,,,,,,,,,,,,,,,,,,,,,,
b2e9278f9b8f4661abcb0446d2cbb98e_i2_1.jpg,,,,,,,,,,,,,,,,,,,,,,,,,,,,,,,,,,,,,,,,,,,,,,,,
b185432bf33645aca813ac2a961b4140_i0_4.jpg,,,,,,,,,,,,,,,,,,,,,,,,,,,,,,,,,,,,,,,,,,,,,,,,
e693b5de8ad84d4cb61a79ece2e66d11_i1_5.jpg,,,,,,,,,,,,,,,,,,,,,,,,,,,,,,,,,,,,,,,,,,,,,,,,
23ec8bbec8eb40478411cba2e55b732e_i2_3.jpg,chair,61.96,476,264,179,521,,,,,,,,,,,,,,,,,,,,,,,,,,,,,,,,,,,,,,,,,,
77a1a11978b04e9cbf74914c98578ab8_i0_3.jpg,,,,,,,,,,,,,,,,,,,,,,,,,,,,,,,,,,,,,,,,,,,,,,,,
e693b5de8ad84d4cb61a79ece2e66d11_i1_1.jpg,,,,,,,,,,,,,,,,,,,,,,,,,,,,,,,,,,,,,,,,,,,,,,,,
f4d03f729dfc49068db327584455e975_i2_5.jpg,,,,,,,,,,,,,,,,,,,,,,,,,,,,,,,,,,,,,,,,,,,,,,,,
85c23efeaecd4d43a7dcd5b90137179e_i2_2.jpg,cell phone,84.12,293,823,177,180,,,,,,,,,,,,,,,,,,,,,,,,,,,,,,,,,,,,,,,,,,
abe20dd6e5194f579dfc6b63a612c150_i2_4.jpg,,,,,,,,,,,,,,,,,,,,,,,,,,,,,,,,,,,,,,,,,,,,,,,,
b185432bf33645aca813ac2a961b4140_i0_0.jpg,,,,,,,,,,,,,,,,,,,,,,,,,,,,,,,,,,,,,,,,,,,,,,,,
b2e9278f9b8f4661abcb0446d2cbb98e_i2_5.jpg,laptop,73.69,-5,-2,660,440,,,,,,,,,,,,,,,,,,,,,,,,,,,,,,,,,,,,,,,,,,
8345f786b7cb4e1eb6c63e2b87ddcabb_i0_2.jpg,,,,,,,,,,,,,,,,,,,,,,,,,,,,,,,,,,,,,,,,,,,,,,,,
77a1a11978b04e9cbf74914c98578ab8_i2_1.jpg,chair,62.81,12,2,216,253,,,,,,,,,,,,,,,,,,,,,,,,,,,,,,,,,,,,,,,,,,
da5fa65c13e643719a20cbb818c9a85d_i1_3.jpg,chair,89.99,727,721,151,105,chair,85.88,822,691,114,58,chair,75.97,663,907,286,114,chair,75.57,607,772,189,230,chair,56.66,1137,757,145,257,,,,,,,,,,,,,,,,,,
23ec8bbec8eb40478411cba2e55b732e_i0_5.jpg,,,,,,,,,,,,,,,,,,,,,,,,,,,,,,,,,,,,,,,,,,,,,,,,
902e65564f81489687878425d9b3cb55_i1_1.jpg,,,,,,,,,,,,,,,,,,,,,,,,,,,,,,,,,,,,,,,,,,,,,,,,
85c23efeaecd4d43a7dcd5b90137179e_i0_0.jpg,,,,,,,,,,,,,,,,,,,,,,,,,,,,,,,,,,,,,,,,,,,,,,,,
8345f786b7cb4e1eb6c63e2b87ddcabb_i2_0.jpg,,,,,,,,,,,,,,,,,,,,,,,,,,,,,,,,,,,,,,,,,,,,,,,,
b185432bf33645aca813ac2a961b4140_i2_2.jpg,chair,96.38,64,20,310,464,chair,92.12,675,3,280,541,,,,,,,,,,,,,,,,,,,,,,,,,,,,,,,,,,,,
194bef4cbba641dc9860ba7f43a0c16a_i1_1.jpg,,,,,,,,,,,,,,,,,,,,,,,,,,,,,,,,,,,,,,,,,,,,,,,,
1a41339ece1846eda6a924cdb4c417dd_i2_5.jpg,chair,53.21,869,177,409,813,,,,,,,,,,,,,,,,,,,,,,,,,,,,,,,,,,,,,,,,,,
db145474a5fa476d95c2cc7f09e7c83a_i2_3.jpg,,,,,,,,,,,,,,,,,,,,,,,,,,,,,,,,,,,,,,,,,,,,,,,,
5efaa5e4a30e481f9dadc1bac5e56a21_i0_1.jpg,,,,,,,,,,,,,,,,,,,,,,,,,,,,,,,,,,,,,,,,,,,,,,,,
0e92a69a50414253a23043758f111cec_i1_4.jpg,bottle,95.67,255,604,71,270,bottle,64.94,130,686,78,249,bottle,50.43,356,729,86,164,,,,,,,,,,,,,,,,,,,,,,,,,,,,,,
701f7128272a4bb2acd9dbd89b5cdf6f_i0_4.jpg,,,,,,,,,,,,,,,,,,,,,,,,,,,,,,,,,,,,,,,,,,,,,,,,
db145474a5fa476d95c2cc7f09e7c83a_i0_1.jpg,,,,,,,,,,,,,,,,,,,,,,,,,,,,,,,,,,,,,,,,,,,,,,,,
7ad0b4e15c4f4cf38f56efbbcadfbf6a_i1_3.jpg,sofa,97.62,143,653,1179,367,remote,79.32,638,958,93,27,remote,58.15,473,846,341,174,,,,,,,,,,,,,,,,,,,,,,,,,,,,,,
5efaa5e4a30e481f9dadc1bac5e56a21_i2_3.jpg,refrigerator,72.97,76,29,1142,942,,,,,,,,,,,,,,,,,,,,,,,,,,,,,,,,,,,,,,,,,,
08115b08da534f1aafff2fa81fc73512_i2_4.jpg,,,,,,,,,,,,,,,,,,,,,,,,,,,,,,,,,,,,,,,,,,,,,,,,
08115b08da534f1aafff2fa81fc73512_i2_5.jpg,,,,,,,,,,,,,,,,,,,,,,,,,,,,,,,,,,,,,,,,,,,,,,,,
5efaa5e4a30e481f9dadc1bac5e56a21_i2_2.jpg,,,,,,,,,,,,,,,,,,,,,,,,,,,,,,,,,,,,,,,,,,,,,,,,
7ad0b4e15c4f4cf38f56efbbcadfbf6a_i1_2.jpg,,,,,,,,,,,,,,,,,,,,,,,,,,,,,,,,,,,,,,,,,,,,,,,,
db145474a5fa476d95c2cc7f09e7c83a_i0_0.jpg,,,,,,,,,,,,,,,,,,,,,,,,,,,,,,,,,,,,,,,,,,,,,,,,
701f7128272a4bb2acd9dbd89b5cdf6f_i0_5.jpg,,,,,,,,,,,,,,,,,,,,,,,,,,,,,,,,,,,,,,,,,,,,,,,,
0e92a69a50414253a23043758f111cec_i1_5.jpg,,,,,,,,,,,,,,,,,,,,,,,,,,,,,,,,,,,,,,,,,,,,,,,,
5efaa5e4a30e481f9dadc1bac5e56a21_i0_0.jpg,,,,,,,,,,,,,,,,,,,,,,,,,,,,,,,,,,,,,,,,,,,,,,,,
db145474a5fa476d95c2cc7f09e7c83a_i2_2.jpg,,,,,,,,,,,,,,,,,,,,,,,,,,,,,,,,,,,,,,,,,,,,,,,,
1a41339ece1846eda6a924cdb4c417dd_i2_4.jpg,chair,70.64,129,394,559,650,,,,,,,,,,,,,,,,,,,,,,,,,,,,,,,,,,,,,,,,,,
194bef4cbba641dc9860ba7f43a0c16a_i1_0.jpg,fork,77.61,509,405,82,175,,,,,,,,,,,,,,,,,,,,,,,,,,,,,,,,,,,,,,,,,,
8345f786b7cb4e1eb6c63e2b87ddcabb_i2_1.jpg,,,,,,,,,,,,,,,,,,,,,,,,,,,,,,,,,,,,,,,,,,,,,,,,
b185432bf33645aca813ac2a961b4140_i2_3.jpg,chair,81.13,347,466,525,572,,,,,,,,,,,,,,,,,,,,,,,,,,,,,,,,,,,,,,,,,,
85c23efeaecd4d43a7dcd5b90137179e_i0_1.jpg,,,,,,,,,,,,,,,,,,,,,,,,,,,,,,,,,,,,,,,,,,,,,,,,
902e65564f81489687878425d9b3cb55_i1_0.jpg,bed,89.94,65,733,1170,291,,,,,,,,,,,,,,,,,,,,,,,,,,,,,,,,,,,,,,,,,,
23ec8bbec8eb40478411cba2e55b732e_i0_4.jpg,,,,,,,,,,,,,,,,,,,,,,,,,,,,,,,,,,,,,,,,,,,,,,,,
da5fa65c13e643719a20cbb818c9a85d_i1_2.jpg,sink,86.34,29,785,213,70,,,,,,,,,,,,,,,,,,,,,,,,,,,,,,,,,,,,,,,,,,
77a1a11978b04e9cbf74914c98578ab8_i2_0.jpg,chair,92.67,-1,133,241,761,chair,87.75,537,-7,576,611,,,,,,,,,,,,,,,,,,,,,,,,,,,,,,,,,,,,
b2e9278f9b8f4661abcb0446d2cbb98e_i2_4.jpg,chair,66.8,8,220,348,205,,,,,,,,,,,,,,,,,,,,,,,,,,,,,,,,,,,,,,,,,,
b185432bf33645aca813ac2a961b4140_i0_1.jpg,laptop,73.67,43,356,1157,644,,,,,,,,,,,,,,,,,,,,,,,,,,,,,,,,,,,,,,,,,,
8345f786b7cb4e1eb6c63e2b87ddcabb_i0_3.jpg,,,,,,,,,,,,,,,,,,,,,,,,,,,,,,,,,,,,,,,,,,,,,,,,
85c23efeaecd4d43a7dcd5b90137179e_i2_3.jpg,,,,,,,,,,,,,,,,,,,,,,,,,,,,,,,,,,,,,,,,,,,,,,,,
abe20dd6e5194f579dfc6b63a612c150_i2_5.jpg,,,,,,,,,,,,,,,,,,,,,,,,,,,,,,,,,,,,,,,,,,,,,,,,
f4d03f729dfc49068db327584455e975_i2_4.jpg,,,,,,,,,,,,,,,,,,,,,,,,,,,,,,,,,,,,,,,,,,,,,,,,
77a1a11978b04e9cbf74914c98578ab8_i0_2.jpg,,,,,,,,,,,,,,,,,,,,,,,,,,,,,,,,,,,,,,,,,,,,,,,,
e693b5de8ad84d4cb61a79ece2e66d11_i1_0.jpg,,,,,,,,,,,,,,,,,,,,,,,,,,,,,,,,,,,,,,,,,,,,,,,,
e693b5de8ad84d4cb61a79ece2e66d11_i1_2.jpg,sink,86,197,382,421,75,,,,,,,,,,,,,,,,,,,,,,,,,,,,,,,,,,,,,,,,,,
77a1a11978b04e9cbf74914c98578ab8_i0_0.jpg,cell phone,78.22,271,693,923,329,,,,,,,,,,,,,,,,,,,,,,,,,,,,,,,,,,,,,,,,,,
23ec8bbec8eb40478411cba2e55b732e_i2_4.jpg,tvmonitor,80.93,411,-9,882,715,,,,,,,,,,,,,,,,,,,,,,,,,,,,,,,,,,,,,,,,,,
85c23efeaecd4d43a7dcd5b90137179e_i2_1.jpg,,,,,,,,,,,,,,,,,,,,,,,,,,,,,,,,,,,,,,,,,,,,,,,,
0f37bd0737e349de9d536263a4bdd60d_i1_4.jpg,bed,90.46,-15,660,465,351,,,,,,,,,,,,,,,,,,,,,,,,,,,,,,,,,,,,,,,,,,
8345f786b7cb4e1eb6c63e2b87ddcabb_i0_1.jpg,,,,,,,,,,,,,,,,,,,,,,,,,,,,,,,,,,,,,,,,,,,,,,,,
b185432bf33645aca813ac2a961b4140_i0_3.jpg,,,,,,,,,,,,,,,,,,,,,,,,,,,,,,,,,,,,,,,,,,,,,,,,
77a1a11978b04e9cbf74914c98578ab8_i2_2.jpg,,,,,,,,,,,,,,,,,,,,,,,,,,,,,,,,,,,,,,,,,,,,,,,,
da5fa65c13e643719a20cbb818c9a85d_i1_0.jpg,,,,,,,,,,,,,,,,,,,,,,,,,,,,,,,,,,,,,,,,,,,,,,,,
85c23efeaecd4d43a7dcd5b90137179e_i0_3.jpg,,,,,,,,,,,,,,,,,,,,,,,,,,,,,,,,,,,,,,,,,,,,,,,,
abe20dd6e5194f579dfc6b63a612c150_i0_5.jpg,,,,,,,,,,,,,,,,,,,,,,,,,,,,,,,,,,,,,,,,,,,,,,,,
f4d03f729dfc49068db327584455e975_i0_4.jpg,,,,,,,,,,,,,,,,,,,,,,,,,,,,,,,,,,,,,,,,,,,,,,,,
902e65564f81489687878425d9b3cb55_i1_2.jpg,chair,85.7,121,658,210,283,,,,,,,,,,,,,,,,,,,,,,,,,,,,,,,,,,,,,,,,,,
ee59d6b5e5da4def9fe85a8ba94ecf25_i1_4.jpg,,,,,,,,,,,,,,,,,,,,,,,,,,,,,,,,,,,,,,,,,,,,,,,,
b2e9278f9b8f4661abcb0446d2cbb98e_i0_4.jpg,,,,,,,,,,,,,,,,,,,,,,,,,,,,,,,,,,,,,,,,,,,,,,,,
b185432bf33645aca813ac2a961b4140_i2_1.jpg,,,,,,,,,,,,,,,,,,,,,,,,,,,,,,,,,,,,,,,,,,,,,,,,
8345f786b7cb4e1eb6c63e2b87ddcabb_i2_3.jpg,chair,80.99,590,0,697,885,,,,,,,,,,,,,,,,,,,,,,,,,,,,,,,,,,,,,,,,,,
194bef4cbba641dc9860ba7f43a0c16a_i1_2.jpg,,,,,,,,,,,,,,,,,,,,,,,,,,,,,,,,,,,,,,,,,,,,,,,,
db145474a5fa476d95c2cc7f09e7c83a_i2_0.jpg,,,,,,,,,,,,,,,,,,,,,,,,,,,,,,,,,,,,,,,,,,,,,,,,
701f7128272a4bb2acd9dbd89b5cdf6f_i2_5.jpg,toilet,99.8,253,489,635,486,pottedplant,59.24,825,309,471,377,,,,,,,,,,,,,,,,,,,,,,,,,,,,,,,,,,,,
c341c46acf7044d1a712d622cbc94a27_i1_4.jpg,,,,,,,,,,,,,,,,,,,,,,,,,,,,,,,,,,,,,,,,,,,,,,,,
3a6d2322867f40d9a3d2758ab88df288_i1_4.jpg,chair,61.02,183,727,715,296,,,,,,,,,,,,,,,,,,,,,,,,,,,,,,,,,,,,,,,,,,
08115b08da534f1aafff2fa81fc73512_i0_5.jpg,,,,,,,,,,,,,,,,,,,,,,,,,,,,,,,,,,,,,,,,,,,,,,,,
5efaa5e4a30e481f9dadc1bac5e56a21_i0_2.jpg,oven,50.39,9,124,1248,783,,,,,,,,,,,,,,,,,,,,,,,,,,,,,,,,,,,,,,,,,,
db145474a5fa476d95c2cc7f09e7c83a_i0_2.jpg,,,,,,,,,,,,,,,,,,,,,,,,,,,,,,,,,,,,,,,,,,,,,,,,
1a41339ece1846eda6a924cdb4c417dd_i0_4.jpg,,,,,,,,,,,,,,,,,,,,,,,,,,,,,,,,,,,,,,,,,,,,,,,,
7ad0b4e15c4f4cf38f56efbbcadfbf6a_i1_0.jpg,,,,,,,,,,,,,,,,,,,,,,,,,,,,,,,,,,,,,,,,,,,,,,,,
5efaa5e4a30e481f9dadc1bac5e56a21_i2_0.jpg,,,,,,,,,,,,,,,,,,,,,,,,,,,,,,,,,,,,,,,,,,,,,,,,
5efaa5e4a30e481f9dadc1bac5e56a21_i2_1.jpg,,,,,,,,,,,,,,,,,,,,,,,,,,,,,,,,,,,,,,,,,,,,,,,,
7ad0b4e15c4f4cf38f56efbbcadfbf6a_i1_1.jpg,bottle,76.03,206,556,16,49,bottle,64.29,230,553,17,52,,,,,,,,,,,,,,,,,,,,,,,,,,,,,,,,,,,,
1a41339ece1846eda6a924cdb4c417dd_i0_5.jpg,tvmonitor,89.21,458,649,786,378,,,,,,,,,,,,,,,,,,,,,,,,,,,,,,,,,,,,,,,,,,
db145474a5fa476d95c2cc7f09e7c83a_i0_3.jpg,,,,,,,,,,,,,,,,,,,,,,,,,,,,,,,,,,,,,,,,,,,,,,,,
5efaa5e4a30e481f9dadc1bac5e56a21_i0_3.jpg,,,,,,,,,,,,,,,,,,,,,,,,,,,,,,,,,,,,,,,,,,,,,,,,
08115b08da534f1aafff2fa81fc73512_i0_4.jpg,,,,,,,,,,,,,,,,,,,,,,,,,,,,,,,,,,,,,,,,,,,,,,,,
3a6d2322867f40d9a3d2758ab88df288_i1_5.jpg,chair,59.21,153,784,538,232,,,,,,,,,,,,,,,,,,,,,,,,,,,,,,,,,,,,,,,,,,
c341c46acf7044d1a712d622cbc94a27_i1_5.jpg,,,,,,,,,,,,,,,,,,,,,,,,,,,,,,,,,,,,,,,,,,,,,,,,
701f7128272a4bb2acd9dbd89b5cdf6f_i2_4.jpg,,,,,,,,,,,,,,,,,,,,,,,,,,,,,,,,,,,,,,,,,,,,,,,,
db145474a5fa476d95c2cc7f09e7c83a_i2_1.jpg,,,,,,,,,,,,,,,,,,,,,,,,,,,,,,,,,,,,,,,,,,,,,,,,
194bef4cbba641dc9860ba7f43a0c16a_i1_3.jpg,,,,,,,,,,,,,,,,,,,,,,,,,,,,,,,,,,,,,,,,,,,,,,,,
b185432bf33645aca813ac2a961b4140_i2_0.jpg,chair,80.86,458,148,357,417,chair,72.74,694,461,553,561,,,,,,,,,,,,,,,,,,,,,,,,,,,,,,,,,,,,
b2e9278f9b8f4661abcb0446d2cbb98e_i0_5.jpg,,,,,,,,,,,,,,,,,,,,,,,,,,,,,,,,,,,,,,,,,,,,,,,,
8345f786b7cb4e1eb6c63e2b87ddcabb_i2_2.jpg,,,,,,,,,,,,,,,,,,,,,,,,,,,,,,,,,,,,,,,,,,,,,,,,
902e65564f81489687878425d9b3cb55_i1_3.jpg,,,,,,,,,,,,,,,,,,,,,,,,,,,,,,,,,,,,,,,,,,,,,,,,
f4d03f729dfc49068db327584455e975_i0_5.jpg,,,,,,,,,,,,,,,,,,,,,,,,,,,,,,,,,,,,,,,,,,,,,,,,
ee59d6b5e5da4def9fe85a8ba94ecf25_i1_5.jpg,,,,,,,,,,,,,,,,,,,,,,,,,,,,,,,,,,,,,,,,,,,,,,,,
85c23efeaecd4d43a7dcd5b90137179e_i0_2.jpg,umbrella,72.73,77,66,1139,856,,,,,,,,,,,,,,,,,,,,,,,,,,,,,,,,,,,,,,,,,,
abe20dd6e5194f579dfc6b63a612c150_i0_4.jpg,clock,82.91,-15,30,915,946,,,,,,,,,,,,,,,,,,,,,,,,,,,,,,,,,,,,,,,,,,
da5fa65c13e643719a20cbb818c9a85d_i1_1.jpg,bottle,78.52,1227,576,33,83,,,,,,,,,,,,,,,,,,,,,,,,,,,,,,,,,,,,,,,,,,
77a1a11978b04e9cbf74914c98578ab8_i2_3.jpg,,,,,,,,,,,,,,,,,,,,,,,,,,,,,,,,,,,,,,,,,,,,,,,,
8345f786b7cb4e1eb6c63e2b87ddcabb_i0_0.jpg,,,,,,,,,,,,,,,,,,,,,,,,,,,,,,,,,,,,,,,,,,,,,,,,
b185432bf33645aca813ac2a961b4140_i0_2.jpg,,,,,,,,,,,,,,,,,,,,,,,,,,,,,,,,,,,,,,,,,,,,,,,,
0f37bd0737e349de9d536263a4bdd60d_i1_5.jpg,sofa,97.94,38,645,748,387,,,,,,,,,,,,,,,,,,,,,,,,,,,,,,,,,,,,,,,,,,
85c23efeaecd4d43a7dcd5b90137179e_i2_0.jpg,,,,,,,,,,,,,,,,,,,,,,,,,,,,,,,,,,,,,,,,,,,,,,,,
23ec8bbec8eb40478411cba2e55b732e_i2_5.jpg,,,,,,,,,,,,,,,,,,,,,,,,,,,,,,,,,,,,,,,,,,,,,,,,
e693b5de8ad84d4cb61a79ece2e66d11_i1_3.jpg,,,,,,,,,,,,,,,,,,,,,,,,,,,,,,,,,,,,,,,,,,,,,,,,
77a1a11978b04e9cbf74914c98578ab8_i0_1.jpg,,,,,,,,,,,,,,,,,,,,,,,,,,,,,,,,,,,,,,,,,,,,,,,,
1a41339ece1846eda6a924cdb4c417dd_i1_2.jpg,,,,,,,,,,,,,,,,,,,,,,,,,,,,,,,,,,,,,,,,,,,,,,,,
701f7128272a4bb2acd9dbd89b5cdf6f_i1_1.jpg,,,,,,,,,,,,,,,,,,,,,,,,,,,,,,,,,,,,,,,,,,,,,,,,
db145474a5fa476d95c2cc7f09e7c83a_i1_4.jpg,,,,,,,,,,,,,,,,,,,,,,,,,,,,,,,,,,,,,,,,,,,,,,,,
0e92a69a50414253a23043758f111cec_i2_3.jpg,sink,99.53,822,505,442,458,,,,,,,,,,,,,,,,,,,,,,,,,,,,,,,,,,,,,,,,,,
c341c46acf7044d1a712d622cbc94a27_i2_0.jpg,toilet,99.4,634,288,327,420,,,,,,,,,,,,,,,,,,,,,,,,,,,,,,,,,,,,,,,,,,
3a6d2322867f40d9a3d2758ab88df288_i2_0.jpg,bed,91.89,628,43,653,604,,,,,,,,,,,,,,,,,,,,,,,,,,,,,,,,,,,,,,,,,,
194bef4cbba641dc9860ba7f43a0c16a_i0_4.jpg,,,,,,,,,,,,,,,,,,,,,,,,,,,,,,,,,,,,,,,,,,,,,,,,
5efaa5e4a30e481f9dadc1bac5e56a21_i1_4.jpg,,,,,,,,,,,,,,,,,,,,,,,,,,,,,,,,,,,,,,,,,,,,,,,,
08115b08da534f1aafff2fa81fc73512_i1_3.jpg,person,77.04,671,203,113,80,,,,,,,,,,,,,,,,,,,,,,,,,,,,,,,,,,,,,,,,,,
0e92a69a50414253a23043758f111cec_i0_1.jpg,,,,,,,,,,,,,,,,,,,,,,,,,,,,,,,,,,,,,,,,,,,,,,,,
7ad0b4e15c4f4cf38f56efbbcadfbf6a_i2_4.jpg,,,,,,,,,,,,,,,,,,,,,,,,,,,,,,,,,,,,,,,,,,,,,,,,
3a6d2322867f40d9a3d2758ab88df288_i0_2.jpg,laptop,85.81,30,580,792,437,,,,,,,,,,,,,,,,,,,,,,,,,,,,,,,,,,,,,,,,,,
c341c46acf7044d1a712d622cbc94a27_i0_2.jpg,,,,,,,,,,,,,,,,,,,,,,,,,,,,,,,,,,,,,,,,,,,,,,,,
23ec8bbec8eb40478411cba2e55b732e_i1_0.jpg,bed,90.27,194,691,889,319,,,,,,,,,,,,,,,,,,,,,,,,,,,,,,,,,,,,,,,,,,
b2e9278f9b8f4661abcb0446d2cbb98e_i1_2.jpg,bottle,89.44,300,589,43,127,bottle,87.45,350,640,47,75,bottle,69.24,384,594,33,93,bottle,64.46,414,617,49,83,sink,59,355,923,285,104,,,,,,,,,,,,,,,,,,
0f37bd0737e349de9d536263a4bdd60d_i2_0.jpg,,,,,,,,,,,,,,,,,,,,,,,,,,,,,,,,,,,,,,,,,,,,,,,,
ee59d6b5e5da4def9fe85a8ba94ecf25_i0_2.jpg,,,,,,,,,,,,,,,,,,,,,,,,,,,,,,,,,,,,,,,,,,,,,,,,
f4d03f729dfc49068db327584455e975_i1_2.jpg,,,,,,,,,,,,,,,,,,,,,,,,,,,,,,,,,,,,,,,,,,,,,,,,
902e65564f81489687878425d9b3cb55_i0_4.jpg,,,,,,,,,,,,,,,,,,,,,,,,,,,,,,,,,,,,,,,,,,,,,,,,
abe20dd6e5194f579dfc6b63a612c150_i1_3.jpg,,,,,,,,,,,,,,,,,,,,,,,,,,,,,,,,,,,,,,,,,,,,,,,,
85c23efeaecd4d43a7dcd5b90137179e_i1_5.jpg,,,,,,,,,,,,,,,,,,,,,,,,,,,,,,,,,,,,,,,,,,,,,,,,
da5fa65c13e643719a20cbb818c9a85d_i2_4.jpg,laptop,94.96,158,36,1160,910,,,,,,,,,,,,,,,,,,,,,,,,,,,,,,,,,,,,,,,,,,
e693b5de8ad84d4cb61a79ece2e66d11_i0_4.jpg,,,,,,,,,,,,,,,,,,,,,,,,,,,,,,,,,,,,,,,,,,,,,,,,
b185432bf33645aca813ac2a961b4140_i1_5.jpg,sofa,92.26,701,733,576,288,bed,79.82,410,654,170,149,,,,,,,,,,,,,,,,,,,,,,,,,,,,,,,,,,,,
0f37bd0737e349de9d536263a4bdd60d_i0_2.jpg,,,,,,,,,,,,,,,,,,,,,,,,,,,,,,,,,,,,,,,,,,,,,,,,
ee59d6b5e5da4def9fe85a8ba94ecf25_i2_0.jpg,,,,,,,,,,,,,,,,,,,,,,,,,,,,,,,,,,,,,,,,,,,,,,,,
ee59d6b5e5da4def9fe85a8ba94ecf25_i2_1.jpg,chair,96.75,56,0,325,345,,,,,,,,,,,,,,,,,,,,,,,,,,,,,,,,,,,,,,,,,,
0f37bd0737e349de9d536263a4bdd60d_i0_3.jpg,,,,,,,,,,,,,,,,,,,,,,,,,,,,,,,,,,,,,,,,,,,,,,,,
b185432bf33645aca813ac2a961b4140_i1_4.jpg,,,,,,,,,,,,,,,,,,,,,,,,,,,,,,,,,,,,,,,,,,,,,,,,
e693b5de8ad84d4cb61a79ece2e66d11_i0_5.jpg,,,,,,,,,,,,,,,,,,,,,,,,,,,,,,,,,,,,,,,,,,,,,,,,
da5fa65c13e643719a20cbb818c9a85d_i2_5.jpg,,,,,,,,,,,,,,,,,,,,,,,,,,,,,,,,,,,,,,,,,,,,,,,,
abe20dd6e5194f579dfc6b63a612c150_i1_2.jpg,chair,96.16,210,767,208,260,bottle,86.35,347,555,19,43,chair,86,538,747,173,267,bottle,81.28,317,560,18,39,bottle,63.7,367,563,16,36,bottle,53.84,369,621,13,43,,,,,,,,,,,,
85c23efeaecd4d43a7dcd5b90137179e_i1_4.jpg,,,,,,,,,,,,,,,,,,,,,,,,,,,,,,,,,,,,,,,,,,,,,,,,
ee59d6b5e5da4def9fe85a8ba94ecf25_i0_3.jpg,,,,,,,,,,,,,,,,,,,,,,,,,,,,,,,,,,,,,,,,,,,,,,,,
902e65564f81489687878425d9b3cb55_i0_5.jpg,,,,,,,,,,,,,,,,,,,,,,,,,,,,,,,,,,,,,,,,,,,,,,,,
f4d03f729dfc49068db327584455e975_i1_3.jpg,,,,,,,,,,,,,,,,,,,,,,,,,,,,,,,,,,,,,,,,,,,,,,,,
0f37bd0737e349de9d536263a4bdd60d_i2_1.jpg,,,,,,,,,,,,,,,,,,,,,,,,,,,,,,,,,,,,,,,,,,,,,,,,
b2e9278f9b8f4661abcb0446d2cbb98e_i1_3.jpg,chair,99.46,456,794,123,132,chair,97.14,819,763,248,256,chair,93.95,683,889,194,134,sofa,93.83,471,643,570,175,,,,,,,,,,,,,,,,,,,,,,,,
23ec8bbec8eb40478411cba2e55b732e_i1_1.jpg,chair,81.96,679,623,68,118,,,,,,,,,,,,,,,,,,,,,,,,,,,,,,,,,,,,,,,,,,
c341c46acf7044d1a712d622cbc94a27_i0_3.jpg,,,,,,,,,,,,,,,,,,,,,,,,,,,,,,,,,,,,,,,,,,,,,,,,
3a6d2322867f40d9a3d2758ab88df288_i0_3.jpg,,,,,,,,,,,,,,,,,,,,,,,,,,,,,,,,,,,,,,,,,,,,,,,,
7ad0b4e15c4f4cf38f56efbbcadfbf6a_i2_5.jpg,,,,,,,,,,,,,,,,,,,,,,,,,,,,,,,,,,,,,,,,,,,,,,,,
0e92a69a50414253a23043758f111cec_i0_0.jpg,,,,,,,,,,,,,,,,,,,,,,,,,,,,,,,,,,,,,,,,,,,,,,,,
08115b08da534f1aafff2fa81fc73512_i1_2.jpg,,,,,,,,,,,,,,,,,,,,,,,,,,,,,,,,,,,,,,,,,,,,,,,,
5efaa5e4a30e481f9dadc1bac5e56a21_i1_5.jpg,sofa,88.91,348,666,917,351,,,,,,,,,,,,,,,,,,,,,,,,,,,,,,,,,,,,,,,,,,
194bef4cbba641dc9860ba7f43a0c16a_i0_5.jpg,,,,,,,,,,,,,,,,,,,,,,,,,,,,,,,,,,,,,,,,,,,,,,,,
3a6d2322867f40d9a3d2758ab88df288_i2_1.jpg,bed,92.98,-6,14,629,683,,,,,,,,,,,,,,,,,,,,,,,,,,,,,,,,,,,,,,,,,,
c341c46acf7044d1a712d622cbc94a27_i2_1.jpg,sink,83.72,514,111,479,162,,,,,,,,,,,,,,,,,,,,,,,,,,,,,,,,,,,,,,,,,,
0e92a69a50414253a23043758f111cec_i2_2.jpg,,,,,,,,,,,,,,,,,,,,,,,,,,,,,,,,,,,,,,,,,,,,,,,,
db145474a5fa476d95c2cc7f09e7c83a_i1_5.jpg,,,,,,,,,,,,,,,,,,,,,,,,,,,,,,,,,,,,,,,,,,,,,,,,
1a41339ece1846eda6a924cdb4c417dd_i1_3.jpg,bottle,82.97,1131,535,36,76,sink,69.65,1050,741,244,71,bottle,66.75,1207,541,31,69,bottle,57.44,1227,627,37,113,,,,,,,,,,,,,,,,,,,,,,,,
701f7128272a4bb2acd9dbd89b5cdf6f_i1_0.jpg,tvmonitor,90.8,136,460,640,402,chair,50.64,805,706,106,205,,,,,,,,,,,,,,,,,,,,,,,,,,,,,,,,,,,,
701f7128272a4bb2acd9dbd89b5cdf6f_i1_2.jpg,,,,,,,,,,,,,,,,,,,,,,,,,,,,,,,,,,,,,,,,,,,,,,,,
1a41339ece1846eda6a924cdb4c417dd_i1_1.jpg,,,,,,,,,,,,,,,,,,,,,,,,,,,,,,,,,,,,,,,,,,,,,,,,
194bef4cbba641dc9860ba7f43a0c16a_i2_5.jpg,,,,,,,,,,,,,,,,,,,,,,,,,,,,,,,,,,,,,,,,,,,,,,,,
0e92a69a50414253a23043758f111cec_i2_0.jpg,chair,86.06,795,8,448,409,diningtable,51.96,51,112,1172,812,,,,,,,,,,,,,,,,,,,,,,,,,,,,,,,,,,,,
c341c46acf7044d1a712d622cbc94a27_i2_3.jpg,,,,,,,,,,,,,,,,,,,,,,,,,,,,,,,,,,,,,,,,,,,,,,,,
3a6d2322867f40d9a3d2758ab88df288_i2_3.jpg,sofa,64.39,636,1,645,521,,,,,,,,,,,,,,,,,,,,,,,,,,,,,,,,,,,,,,,,,,
7ad0b4e15c4f4cf38f56efbbcadfbf6a_i0_5.jpg,,,,,,,,,,,,,,,,,,,,,,,,,,,,,,,,,,,,,,,,,,,,,,,,
08115b08da534f1aafff2fa81fc73512_i1_0.jpg,,,,,,,,,,,,,,,,,,,,,,,,,,,,,,,,,,,,,,,,,,,,,,,,
0e92a69a50414253a23043758f111cec_i0_2.jpg,,,,,,,,,,,,,,,,,,,,,,,,,,,,,,,,,,,,,,,,,,,,,,,,
3a6d2322867f40d9a3d2758ab88df288_i0_1.jpg,,,,,,,,,,,,,,,,,,,,,,,,,,,,,,,,,,,,,,,,,,,,,,,,
c341c46acf7044d1a712d622cbc94a27_i0_1.jpg,,,,,,,,,,,,,,,,,,,,,,,,,,,,,,,,,,,,,,,,,,,,,,,,
23ec8bbec8eb40478411cba2e55b732e_i1_3.jpg,,,,,,,,,,,,,,,,,,,,,,,,,,,,,,,,,,,,,,,,,,,,,,,,
da5fa65c13e643719a20cbb818c9a85d_i0_5.jpg,,,,,,,,,,,,,,,,,,,,,,,,,,,,,,,,,,,,,,,,,,,,,,,,
e693b5de8ad84d4cb61a79ece2e66d11_i2_5.jpg,,,,,,,,,,,,,,,,,,,,,,,,,,,,,,,,,,,,,,,,,,,,,,,,
0f37bd0737e349de9d536263a4bdd60d_i2_3.jpg,,,,,,,,,,,,,,,,,,,,,,,,,,,,,,,,,,,,,,,,,,,,,,,,
b2e9278f9b8f4661abcb0446d2cbb98e_i1_1.jpg,,,,,,,,,,,,,,,,,,,,,,,,,,,,,,,,,,,,,,,,,,,,,,,,
abe20dd6e5194f579dfc6b63a612c150_i1_0.jpg,,,,,,,,,,,,,,,,,,,,,,,,,,,,,,,,,,,,,,,,,,,,,,,,
f4d03f729dfc49068db327584455e975_i1_1.jpg,,,,,,,,,,,,,,,,,,,,,,,,,,,,,,,,,,,,,,,,,,,,,,,,
ee59d6b5e5da4def9fe85a8ba94ecf25_i0_1.jpg,,,,,,,,,,,,,,,,,,,,,,,,,,,,,,,,,,,,,,,,,,,,,,,,
77a1a11978b04e9cbf74914c98578ab8_i1_5.jpg,sofa,99.74,102,744,1126,266,,,,,,,,,,,,,,,,,,,,,,,,,,,,,,,,,,,,,,,,,,
0f37bd0737e349de9d536263a4bdd60d_i0_1.jpg,,,,,,,,,,,,,,,,,,,,,,,,,,,,,,,,,,,,,,,,,,,,,,,,
8345f786b7cb4e1eb6c63e2b87ddcabb_i1_4.jpg,,,,,,,,,,,,,,,,,,,,,,,,,,,,,,,,,,,,,,,,,,,,,,,,
ee59d6b5e5da4def9fe85a8ba94ecf25_i2_3.jpg,refrigerator,64.93,177,13,957,860,,,,,,,,,,,,,,,,,,,,,,,,,,,,,,,,,,,,,,,,,,
902e65564f81489687878425d9b3cb55_i2_5.jpg,,,,,,,,,,,,,,,,,,,,,,,,,,,,,,,,,,,,,,,,,,,,,,,,
ee59d6b5e5da4def9fe85a8ba94ecf25_i2_2.jpg,,,,,,,,,,,,,,,,,,,,,,,,,,,,,,,,,,,,,,,,,,,,,,,,
902e65564f81489687878425d9b3cb55_i2_4.jpg,,,,,,,,,,,,,,,,,,,,,,,,,,,,,,,,,,,,,,,,,,,,,,,,
8345f786b7cb4e1eb6c63e2b87ddcabb_i1_5.jpg,,,,,,,,,,,,,,,,,,,,,,,,,,,,,,,,,,,,,,,,,,,,,,,,
0f37bd0737e349de9d536263a4bdd60d_i0_0.jpg,,,,,,,,,,,,,,,,,,,,,,,,,,,,,,,,,,,,,,,,,,,,,,,,
77a1a11978b04e9cbf74914c98578ab8_i1_4.jpg,bed,81.86,281,674,279,275,,,,,,,,,,,,,,,,,,,,,,,,,,,,,,,,,,,,,,,,,,
f4d03f729dfc49068db327584455e975_i1_0.jpg,,,,,,,,,,,,,,,,,,,,,,,,,,,,,,,,,,,,,,,,,,,,,,,,
ee59d6b5e5da4def9fe85a8ba94ecf25_i0_0.jpg,,,,,,,,,,,,,,,,,,,,,,,,,,,,,,,,,,,,,,,,,,,,,,,,
abe20dd6e5194f579dfc6b63a612c150_i1_1.jpg,,,,,,,,,,,,,,,,,,,,,,,,,,,,,,,,,,,,,,,,,,,,,,,,
b2e9278f9b8f4661abcb0446d2cbb98e_i1_0.jpg,,,,,,,,,,,,,,,,,,,,,,,,,,,,,,,,,,,,,,,,,,,,,,,,
0f37bd0737e349de9d536263a4bdd60d_i2_2.jpg,laptop,72.68,201,26,1028,950,,,,,,,,,,,,,,,,,,,,,,,,,,,,,,,,,,,,,,,,,,
e693b5de8ad84d4cb61a79ece2e66d11_i2_4.jpg,,,,,,,,,,,,,,,,,,,,,,,,,,,,,,,,,,,,,,,,,,,,,,,,
da5fa65c13e643719a20cbb818c9a85d_i0_4.jpg,,,,,,,,,,,,,,,,,,,,,,,,,,,,,,,,,,,,,,,,,,,,,,,,
23ec8bbec8eb40478411cba2e55b732e_i1_2.jpg,tvmonitor,95.76,588,495,269,302,chair,56.72,967,677,314,354,,,,,,,,,,,,,,,,,,,,,,,,,,,,,,,,,,,,
c341c46acf7044d1a712d622cbc94a27_i0_0.jpg,laptop,70.38,19,40,1204,905,,,,,,,,,,,,,,,,,,,,,,,,,,,,,,,,,,,,,,,,,,
3a6d2322867f40d9a3d2758ab88df288_i0_0.jpg,,,,,,,,,,,,,,,,,,,,,,,,,,,,,,,,,,,,,,,,,,,,,,,,
0e92a69a50414253a23043758f111cec_i0_3.jpg,laptop,87.44,37,59,1206,882,,,,,,,,,,,,,,,,,,,,,,,,,,,,,,,,,,,,,,,,,,
08115b08da534f1aafff2fa81fc73512_i1_1.jpg,,,,,,,,,,,,,,,,,,,,,,,,,,,,,,,,,,,,,,,,,,,,,,,,
7ad0b4e15c4f4cf38f56efbbcadfbf6a_i0_4.jpg,tie,99.16,359,54,529,931,,,,,,,,,,,,,,,,,,,,,,,,,,,,,,,,,,,,,,,,,,
3a6d2322867f40d9a3d2758ab88df288_i2_2.jpg,chair,90.61,150,33,219,348,,,,,,,,,,,,,,,,,,,,,,,,,,,,,,,,,,,,,,,,,,
c341c46acf7044d1a712d622cbc94a27_i2_2.jpg,chair,78.33,761,241,220,422,,,,,,,,,,,,,,,,,,,,,,,,,,,,,,,,,,,,,,,,,,
0e92a69a50414253a23043758f111cec_i2_1.jpg,chair,99.4,575,22,306,302,chair,93.13,86,236,350,206,diningtable,87.26,57,77,1178,874,chair,74.98,342,24,228,304,,,,,,,,,,,,,,,,,,,,,,,,
194bef4cbba641dc9860ba7f43a0c16a_i2_4.jpg,,,,,,,,,,,,,,,,,,,,,,,,,,,,,,,,,,,,,,,,,,,,,,,,
701f7128272a4bb2acd9dbd89b5cdf6f_i1_3.jpg,,,,,,,,,,,,,,,,,,,,,,,,,,,,,,,,,,,,,,,,,,,,,,,,
1a41339ece1846eda6a924cdb4c417dd_i1_0.jpg,chair,91.28,709,777,168,123,chair,85.61,3,826,316,191,chair,83.83,171,787,170,110,chair,77.64,735,810,438,207,,,,,,,,,,,,,,,,,,,,,,,,
194bef4cbba641dc9860ba7f43a0c16a_i2_0.jpg,,,,,,,,,,,,,,,,,,,,,,,,,,,,,,,,,,,,,,,,,,,,,,,,
db145474a5fa476d95c2cc7f09e7c83a_i1_2.jpg,,,,,,,,,,,,,,,,,,,,,,,,,,,,,,,,,,,,,,,,,,,,,,,,
1a41339ece1846eda6a924cdb4c417dd_i1_4.jpg,sink,75,-3,749,95,61,chair,70.34,609,834,314,183,,,,,,,,,,,,,,,,,,,,,,,,,,,,,,,,,,,,
7ad0b4e15c4f4cf38f56efbbcadfbf6a_i0_0.jpg,,,,,,,,,,,,,,,,,,,,,,,,,,,,,,,,,,,,,,,,,,,,,,,,
0e92a69a50414253a23043758f111cec_i2_5.jpg,,,,,,,,,,,,,,,,,,,,,,,,,,,,,,,,,,,,,,,,,,,,,,,,
194bef4cbba641dc9860ba7f43a0c16a_i0_2.jpg,,,,,,,,,,,,,,,,,,,,,,,,,,,,,,,,,,,,,,,,,,,,,,,,
7ad0b4e15c4f4cf38f56efbbcadfbf6a_i2_2.jpg,,,,,,,,,,,,,,,,,,,,,,,,,,,,,,,,,,,,,,,,,,,,,,,,
3a6d2322867f40d9a3d2758ab88df288_i0_4.jpg,,,,,,,,,,,,,,,,,,,,,,,,,,,,,,,,,,,,,,,,,,,,,,,,
c341c46acf7044d1a712d622cbc94a27_i0_4.jpg,,,,,,,,,,,,,,,,,,,,,,,,,,,,,,,,,,,,,,,,,,,,,,,,
08115b08da534f1aafff2fa81fc73512_i1_5.jpg,,,,,,,,,,,,,,,,,,,,,,,,,,,,,,,,,,,,,,,,,,,,,,,,
5efaa5e4a30e481f9dadc1bac5e56a21_i1_2.jpg,,,,,,,,,,,,,,,,,,,,,,,,,,,,,,,,,,,,,,,,,,,,,,,,
e693b5de8ad84d4cb61a79ece2e66d11_i2_0.jpg,,,,,,,,,,,,,,,,,,,,,,,,,,,,,,,,,,,,,,,,,,,,,,,,
da5fa65c13e643719a20cbb818c9a85d_i0_0.jpg,,,,,,,,,,,,,,,,,,,,,,,,,,,,,,,,,,,,,,,,,,,,,,,,
abe20dd6e5194f579dfc6b63a612c150_i1_5.jpg,,,,,,,,,,,,,,,,,,,,,,,,,,,,,,,,,,,,,,,,,,,,,,,,
85c23efeaecd4d43a7dcd5b90137179e_i1_3.jpg,,,,,,,,,,,,,,,,,,,,,,,,,,,,,,,,,,,,,,,,,,,,,,,,
ee59d6b5e5da4def9fe85a8ba94ecf25_i0_4.jpg,,,,,,,,,,,,,,,,,,,,,,,,,,,,,,,,,,,,,,,,,,,,,,,,
f4d03f729dfc49068db327584455e975_i1_4.jpg,,,,,,,,,,,,,,,,,,,,,,,,,,,,,,,,,,,,,,,,,,,,,,,,
902e65564f81489687878425d9b3cb55_i0_2.jpg,,,,,,,,,,,,,,,,,,,,,,,,,,,,,,,,,,,,,,,,,,,,,,,,
b2e9278f9b8f4661abcb0446d2cbb98e_i1_4.jpg,chair,99.07,297,726,122,58,chair,90.31,334,690,90,47,chair,79.97,261,789,158,224,chair,68.98,778,749,144,261,,,,,,,,,,,,,,,,,,,,,,,,
e693b5de8ad84d4cb61a79ece2e66d11_i0_2.jpg,refrigerator,64.85,61,58,1178,909,,,,,,,,,,,,,,,,,,,,,,,,,,,,,,,,,,,,,,,,,,
77a1a11978b04e9cbf74914c98578ab8_i1_0.jpg,tvmonitor,51.83,403,471,441,377,,,,,,,,,,,,,,,,,,,,,,,,,,,,,,,,,,,,,,,,,,
da5fa65c13e643719a20cbb818c9a85d_i2_2.jpg,oven,93.38,15,34,270,803,,,,,,,,,,,,,,,,,,,,,,,,,,,,,,,,,,,,,,,,,,
902e65564f81489687878425d9b3cb55_i2_0.jpg,bed,97.8,67,13,1155,969,,,,,,,,,,,,,,,,,,,,,,,,,,,,,,,,,,,,,,,,,,
0f37bd0737e349de9d536263a4bdd60d_i0_4.jpg,,,,,,,,,,,,,,,,,,,,,,,,,,,,,,,,,,,,,,,,,,,,,,,,
b185432bf33645aca813ac2a961b4140_i1_3.jpg,bottle,92.12,641,559,27,76,bottle,90.79,679,551,29,83,bottle,86.31,708,569,31,66,bottle,81.74,731,693,24,83,sink,76.92,518,762,155,38,bottle,74.45,703,659,26,111,chair,56.86,198,811,218,134,,,,,,
8345f786b7cb4e1eb6c63e2b87ddcabb_i1_1.jpg,,,,,,,,,,,,,,,,,,,,,,,,,,,,,,,,,,,,,,,,,,,,,,,,
b185432bf33645aca813ac2a961b4140_i1_2.jpg,chair,96.01,708,851,198,178,chair,92.69,37,833,337,191,chair,59.36,1100,834,79,34,diningtable,57.64,795,791,465,229,,,,,,,,,,,,,,,,,,,,,,,,
8345f786b7cb4e1eb6c63e2b87ddcabb_i1_0.jpg,,,,,,,,,,,,,,,,,,,,,,,,,,,,,,,,,,,,,,,,,,,,,,,,
0f37bd0737e349de9d536263a4bdd60d_i0_5.jpg,,,,,,,,,,,,,,,,,,,,,,,,,,,,,,,,,,,,,,,,,,,,,,,,
902e65564f81489687878425d9b3cb55_i2_1.jpg,,,,,,,,,,,,,,,,,,,,,,,,,,,,,,,,,,,,,,,,,,,,,,,,
da5fa65c13e643719a20cbb818c9a85d_i2_3.jpg,chair,99.88,652,108,395,473,,,,,,,,,,,,,,,,,,,,,,,,,,,,,,,,,,,,,,,,,,
e693b5de8ad84d4cb61a79ece2e66d11_i0_3.jpg,,,,,,,,,,,,,,,,,,,,,,,,,,,,,,,,,,,,,,,,,,,,,,,,
77a1a11978b04e9cbf74914c98578ab8_i1_1.jpg,chair,99.38,17,749,216,276,chair,90.44,538,795,155,228,chair,85.03,451,736,122,285,diningtable,66.05,564,712,373,265,chair,52.98,842,768,52,20,,,,,,,,,,,,,,,,,,
b2e9278f9b8f4661abcb0446d2cbb98e_i1_5.jpg,,,,,,,,,,,,,,,,,,,,,,,,,,,,,,,,,,,,,,,,,,,,,,,,
ee59d6b5e5da4def9fe85a8ba94ecf25_i0_5.jpg,,,,,,,,,,,,,,,,,,,,,,,,,,,,,,,,,,,,,,,,,,,,,,,,
902e65564f81489687878425d9b3cb55_i0_3.jpg,,,,,,,,,,,,,,,,,,,,,,,,,,,,,,,,,,,,,,,,,,,,,,,,
f4d03f729dfc49068db327584455e975_i1_5.jpg,,,,,,,,,,,,,,,,,,,,,,,,,,,,,,,,,,,,,,,,,,,,,,,,
abe20dd6e5194f579dfc6b63a612c150_i1_4.jpg,,,,,,,,,,,,,,,,,,,,,,,,,,,,,,,,,,,,,,,,,,,,,,,,
85c23efeaecd4d43a7dcd5b90137179e_i1_2.jpg,bed,61.16,60,94,1156,859,,,,,,,,,,,,,,,,,,,,,,,,,,,,,,,,,,,,,,,,,,
da5fa65c13e643719a20cbb818c9a85d_i0_1.jpg,,,,,,,,,,,,,,,,,,,,,,,,,,,,,,,,,,,,,,,,,,,,,,,,
e693b5de8ad84d4cb61a79ece2e66d11_i2_1.jpg,,,,,,,,,,,,,,,,,,,,,,,,,,,,,,,,,,,,,,,,,,,,,,,,
5efaa5e4a30e481f9dadc1bac5e56a21_i1_3.jpg,,,,,,,,,,,,,,,,,,,,,,,,,,,,,,,,,,,,,,,,,,,,,,,,
08115b08da534f1aafff2fa81fc73512_i1_4.jpg,pottedplant,94.79,588,250,329,158,pottedplant,72.23,204,85,335,272,,,,,,,,,,,,,,,,,,,,,,,,,,,,,,,,,,,,
c341c46acf7044d1a712d622cbc94a27_i0_5.jpg,,,,,,,,,,,,,,,,,,,,,,,,,,,,,,,,,,,,,,,,,,,,,,,,
3a6d2322867f40d9a3d2758ab88df288_i0_5.jpg,,,,,,,,,,,,,,,,,,,,,,,,,,,,,,,,,,,,,,,,,,,,,,,,
7ad0b4e15c4f4cf38f56efbbcadfbf6a_i2_3.jpg,,,,,,,,,,,,,,,,,,,,,,,,,,,,,,,,,,,,,,,,,,,,,,,,
194bef4cbba641dc9860ba7f43a0c16a_i0_3.jpg,,,,,,,,,,,,,,,,,,,,,,,,,,,,,,,,,,,,,,,,,,,,,,,,
0e92a69a50414253a23043758f111cec_i2_4.jpg,sink,99.6,37,458,536,421,bottle,99.38,500,177,62,216,bottle,97.1,400,125,94,279,bottle,58.21,341,2,100,87,,,,,,,,,,,,,,,,,,,,,,,,
7ad0b4e15c4f4cf38f56efbbcadfbf6a_i0_1.jpg,,,,,,,,,,,,,,,,,,,,,,,,,,,,,,,,,,,,,,,,,,,,,,,,
1a41339ece1846eda6a924cdb4c417dd_i1_5.jpg,sofa,80.18,180,644,277,184,,,,,,,,,,,,,,,,,,,,,,,,,,,,,,,,,,,,,,,,,,
db145474a5fa476d95c2cc7f09e7c83a_i1_3.jpg,,,,,,,,,,,,,,,,,,,,,,,,,,,,,,,,,,,,,,,,,,,,,,,,
194bef4cbba641dc9860ba7f43a0c16a_i2_1.jpg,,,,,,,,,,,,,,,,,,,,,,,,,,,,,,,,,,,,,,,,,,,,,,,,
194bef4cbba641dc9860ba7f43a0c16a_i2_3.jpg,refrigerator,78.24,1,-4,723,745,,,,,,,,,,,,,,,,,,,,,,,,,,,,,,,,,,,,,,,,,,
701f7128272a4bb2acd9dbd89b5cdf6f_i1_4.jpg,,,,,,,,,,,,,,,,,,,,,,,,,,,,,,,,,,,,,,,,,,,,,,,,
db145474a5fa476d95c2cc7f09e7c83a_i1_1.jpg,tvmonitor,95,271,564,258,254,,,,,,,,,,,,,,,,,,,,,,,,,,,,,,,,,,,,,,,,,,
c341c46acf7044d1a712d622cbc94a27_i2_5.jpg,,,,,,,,,,,,,,,,,,,,,,,,,,,,,,,,,,,,,,,,,,,,,,,,
3a6d2322867f40d9a3d2758ab88df288_i2_5.jpg,chair,89.6,20,14,649,855,,,,,,,,,,,,,,,,,,,,,,,,,,,,,,,,,,,,,,,,,,
7ad0b4e15c4f4cf38f56efbbcadfbf6a_i0_3.jpg,,,,,,,,,,,,,,,,,,,,,,,,,,,,,,,,,,,,,,,,,,,,,,,,
194bef4cbba641dc9860ba7f43a0c16a_i0_1.jpg,person,75.67,53,113,1126,784,,,,,,,,,,,,,,,,,,,,,,,,,,,,,,,,,,,,,,,,,,
7ad0b4e15c4f4cf38f56efbbcadfbf6a_i2_1.jpg,,,,,,,,,,,,,,,,,,,,,,,,,,,,,,,,,,,,,,,,,,,,,,,,
5efaa5e4a30e481f9dadc1bac5e56a21_i1_1.jpg,,,,,,,,,,,,,,,,,,,,,,,,,,,,,,,,,,,,,,,,,,,,,,,,
0e92a69a50414253a23043758f111cec_i0_4.jpg,,,,,,,,,,,,,,,,,,,,,,,,,,,,,,,,,,,,,,,,,,,,,,,,
e693b5de8ad84d4cb61a79ece2e66d11_i2_3.jpg,toilet,95.65,-1,45,419,603,,,,,,,,,,,,,,,,,,,,,,,,,,,,,,,,,,,,,,,,,,
da5fa65c13e643719a20cbb818c9a85d_i0_3.jpg,,,,,,,,,,,,,,,,,,,,,,,,,,,,,,,,,,,,,,,,,,,,,,,,
23ec8bbec8eb40478411cba2e55b732e_i1_5.jpg,,,,,,,,,,,,,,,,,,,,,,,,,,,,,,,,,,,,,,,,,,,,,,,,
902e65564f81489687878425d9b3cb55_i0_1.jpg,,,,,,,,,,,,,,,,,,,,,,,,,,,,,,,,,,,,,,,,,,,,,,,,
85c23efeaecd4d43a7dcd5b90137179e_i1_0.jpg,,,,,,,,,,,,,,,,,,,,,,,,,,,,,,,,,,,,,,,,,,,,,,,,
0f37bd0737e349de9d536263a4bdd60d_i2_5.jpg,,,,,,,,,,,,,,,,,,,,,,,,,,,,,,,,,,,,,,,,,,,,,,,,
77a1a11978b04e9cbf74914c98578ab8_i1_3.jpg,person,61.54,-14,109,729,922,,,,,,,,,,,,,,,,,,,,,,,,,,,,,,,,,,,,,,,,,,
e693b5de8ad84d4cb61a79ece2e66d11_i0_1.jpg,,,,,,,,,,,,,,,,,,,,,,,,,,,,,,,,,,,,,,,,,,,,,,,,
da5fa65c13e643719a20cbb818c9a85d_i2_1.jpg,,,,,,,,,,,,,,,,,,,,,,,,,,,,,,,,,,,,,,,,,,,,,,,,
ee59d6b5e5da4def9fe85a8ba94ecf25_i2_5.jpg,,,,,,,,,,,,,,,,,,,,,,,,,,,,,,,,,,,,,,,,,,,,,,,,
902e65564f81489687878425d9b3cb55_i2_3.jpg,,,,,,,,,,,,,,,,,,,,,,,,,,,,,,,,,,,,,,,,,,,,,,,,
8345f786b7cb4e1eb6c63e2b87ddcabb_i1_2.jpg,,,,,,,,,,,,,,,,,,,,,,,,,,,,,,,,,,,,,,,,,,,,,,,,
b185432bf33645aca813ac2a961b4140_i1_0.jpg,sofa,99.91,16,689,1003,327,,,,,,,,,,,,,,,,,,,,,,,,,,,,,,,,,,,,,,,,,,
8345f786b7cb4e1eb6c63e2b87ddcabb_i1_3.jpg,chair,87.89,481,411,198,612,chair,53.3,623,116,654,947,,,,,,,,,,,,,,,,,,,,,,,,,,,,,,,,,,,,
b185432bf33645aca813ac2a961b4140_i1_1.jpg,sofa,78.71,130,658,655,349,,,,,,,,,,,,,,,,,,,,,,,,,,,,,,,,,,,,,,,,,,
ee59d6b5e5da4def9fe85a8ba94ecf25_i2_4.jpg,bench,93.96,203,144,840,857,,,,,,,,,,,,,,,,,,,,,,,,,,,,,,,,,,,,,,,,,,
902e65564f81489687878425d9b3cb55_i2_2.jpg,,,,,,,,,,,,,,,,,,,,,,,,,,,,,,,,,,,,,,,,,,,,,,,,
da5fa65c13e643719a20cbb818c9a85d_i2_0.jpg,,,,,,,,,,,,,,,,,,,,,,,,,,,,,,,,,,,,,,,,,,,,,,,,
77a1a11978b04e9cbf74914c98578ab8_i1_2.jpg,,,,,,,,,,,,,,,,,,,,,,,,,,,,,,,,,,,,,,,,,,,,,,,,
e693b5de8ad84d4cb61a79ece2e66d11_i0_0.jpg,,,,,,,,,,,,,,,,,,,,,,,,,,,,,,,,,,,,,,,,,,,,,,,,
0f37bd0737e349de9d536263a4bdd60d_i2_4.jpg,bed,79.25,-11,-22,480,757,refrigerator,71.07,522,-6,372,886,,,,,,,,,,,,,,,,,,,,,,,,,,,,,,,,,,,,
85c23efeaecd4d43a7dcd5b90137179e_i1_1.jpg,,,,,,,,,,,,,,,,,,,,,,,,,,,,,,,,,,,,,,,,,,,,,,,,
902e65564f81489687878425d9b3cb55_i0_0.jpg,,,,,,,,,,,,,,,,,,,,,,,,,,,,,,,,,,,,,,,,,,,,,,,,
23ec8bbec8eb40478411cba2e55b732e_i1_4.jpg,,,,,,,,,,,,,,,,,,,,,,,,,,,,,,,,,,,,,,,,,,,,,,,,
da5fa65c13e643719a20cbb818c9a85d_i0_2.jpg,,,,,,,,,,,,,,,,,,,,,,,,,,,,,,,,,,,,,,,,,,,,,,,,
e693b5de8ad84d4cb61a79ece2e66d11_i2_2.jpg,toilet,85.2,1032,20,242,690,,,,,,,,,,,,,,,,,,,,,,,,,,,,,,,,,,,,,,,,,,
0e92a69a50414253a23043758f111cec_i0_5.jpg,,,,,,,,,,,,,,,,,,,,,,,,,,,,,,,,,,,,,,,,,,,,,,,,
5efaa5e4a30e481f9dadc1bac5e56a21_i1_0.jpg,,,,,,,,,,,,,,,,,,,,,,,,,,,,,,,,,,,,,,,,,,,,,,,,
7ad0b4e15c4f4cf38f56efbbcadfbf6a_i2_0.jpg,,,,,,,,,,,,,,,,,,,,,,,,,,,,,,,,,,,,,,,,,,,,,,,,
194bef4cbba641dc9860ba7f43a0c16a_i0_0.jpg,,,,,,,,,,,,,,,,,,,,,,,,,,,,,,,,,,,,,,,,,,,,,,,,
7ad0b4e15c4f4cf38f56efbbcadfbf6a_i0_2.jpg,,,,,,,,,,,,,,,,,,,,,,,,,,,,,,,,,,,,,,,,,,,,,,,,
3a6d2322867f40d9a3d2758ab88df288_i2_4.jpg,chair,75.26,874,368,402,627,sofa,53.54,152,16,781,495,,,,,,,,,,,,,,,,,,,,,,,,,,,,,,,,,,,,
c341c46acf7044d1a712d622cbc94a27_i2_4.jpg,,,,,,,,,,,,,,,,,,,,,,,,,,,,,,,,,,,,,,,,,,,,,,,,
db145474a5fa476d95c2cc7f09e7c83a_i1_0.jpg,bed,74.16,740,802,401,224,chair,69.96,1104,597,172,204,,,,,,,,,,,,,,,,,,,,,,,,,,,,,,,,,,,,
701f7128272a4bb2acd9dbd89b5cdf6f_i1_5.jpg,chair,95.22,433,738,195,197,chair,94.7,789,689,173,294,chair,92.75,630,709,180,262,chair,54.19,602,658,79,28,,,,,,,,,,,,,,,,,,,,,,,,
194bef4cbba641dc9860ba7f43a0c16a_i2_2.jpg,,,,,,,,,,,,,,,,,,,,,,,,,,,,,,,,,,,,,,,,,,,,,,,,
8a0f2f1a8ea441658501561e5dc34a3e_i2_0.jpg,refrigerator,84.38,134,12,1002,974,,,,,,,,,,,,,,,,,,,,,,,,,,,,,,,,,,,,,,,,,,
28db29e8c72c4a68bfdf5bb2b454443d_i2_4.jpg,sink,98.7,552,363,640,478,tvmonitor,97.64,766,9,533,374,,,,,,,,,,,,,,,,,,,,,,,,,,,,,,,,,,,,
e0ce09f0178c48e2bbe649d2bf659702_i2_4.jpg,,,,,,,,,,,,,,,,,,,,,,,,,,,,,,,,,,,,,,,,,,,,,,,,
10c252c90fa24ef3b698c6f54d984c5c_i2_0.jpg,chair,97.67,270,-5,336,351,,,,,,,,,,,,,,,,,,,,,,,,,,,,,,,,,,,,,,,,,,
d160d2229e4148839ef3a43dbc0ecdc4_i0_0.jpg,,,,,,,,,,,,,,,,,,,,,,,,,,,,,,,,,,,,,,,,,,,,,,,,
8a0f2f1a8ea441658501561e5dc34a3e_i0_2.jpg,,,,,,,,,,,,,,,,,,,,,,,,,,,,,,,,,,,,,,,,,,,,,,,,
d65b6505904448d1940e679c9a098047_i1_4.jpg,chair,98.3,511,658,118,148,chair,89.78,327,686,146,142,pottedplant,88.38,367,795,373,211,bottle,79.02,451,528,12,30,bottle,74.17,426,529,14,32,chair,60.98,642,643,113,163,,,,,,,,,,,,
08c774f20c984008882da2b8547850eb_i1_0.jpg,chair,98.21,667,788,185,226,chair,94.99,526,848,187,173,chair,62.22,636,724,135,58,,,,,,,,,,,,,,,,,,,,,,,,,,,,,,
5e9f4f8654574e699480e90ecdd150c8_i1_5.jpg,sofa,85.92,979,689,304,325,bed,71.24,726,643,149,149,,,,,,,,,,,,,,,,,,,,,,,,,,,,,,,,,,,,
8ccf449f599a4cd88648e1d0ff39fdd0_i1_5.jpg,,,,,,,,,,,,,,,,,,,,,,,,,,,,,,,,,,,,,,,,,,,,,,,,
10c252c90fa24ef3b698c6f54d984c5c_i0_2.jpg,,,,,,,,,,,,,,,,,,,,,,,,,,,,,,,,,,,,,,,,,,,,,,,,
558ba0761bf24428b9cf91e60333ea25_i1_1.jpg,,,,,,,,,,,,,,,,,,,,,,,,,,,,,,,,,,,,,,,,,,,,,,,,
c8112f69d34d476fbb29e6b3909deba2_i1_4.jpg,bed,68.13,717,625,253,361,,,,,,,,,,,,,,,,,,,,,,,,,,,,,,,,,,,,,,,,,,
30c97842da204e6290ac32904c924e17_i1_2.jpg,bed,91.64,283,531,528,238,chair,75.92,5,641,342,382,,,,,,,,,,,,,,,,,,,,,,,,,,,,,,,,,,,,
6800f98e9e67463e9928a4253253bc2f_i1_3.jpg,chair,96.89,1000,399,278,325,,,,,,,,,,,,,,,,,,,,,,,,,,,,,,,,,,,,,,,,,,
d160d2229e4148839ef3a43dbc0ecdc4_i2_2.jpg,,,,,,,,,,,,,,,,,,,,,,,,,,,,,,,,,,,,,,,,,,,,,,,,
cb66d4266148455bbddf5d059a483711_i2_3.jpg,,,,,,,,,,,,,,,,,,,,,,,,,,,,,,,,,,,,,,,,,,,,,,,,
00ebbf3782c64d74aaf7dd39cd561175_i2_5.jpg,sink,99,541,381,644,431,,,,,,,,,,,,,,,,,,,,,,,,,,,,,,,,,,,,,,,,,,
5b9b2794954e4694a45fc424a8643081_i2_1.jpg,bed,86.51,-6,28,913,932,,,,,,,,,,,,,,,,,,,,,,,,,,,,,,,,,,,,,,,,,,
50c241453dfd45c1ba95b5d7191982ef_i2_0.jpg,,,,,,,,,,,,,,,,,,,,,,,,,,,,,,,,,,,,,,,,,,,,,,,,
df211c2c55f94b87a717ce1469577456_i0_4.jpg,,,,,,,,,,,,,,,,,,,,,,,,,,,,,,,,,,,,,,,,,,,,,,,,
c429b363fd3145fe8a7631bbe9644066_i2_1.jpg,,,,,,,,,,,,,,,,,,,,,,,,,,,,,,,,,,,,,,,,,,,,,,,,
e34dcf54d26a4a95869cc8a0c01cd2be_i1_2.jpg,chair,98.63,2,671,244,271,tvmonitor,96.76,-3,465,119,217,chair,94.79,273,641,127,179,chair,75.21,517,642,96,176,,,,,,,,,,,,,,,,,,,,,,,,
51857544c192476faebf212acb1b3d90_i2_0.jpg,bed,87,-10,51,652,942,,,,,,,,,,,,,,,,,,,,,,,,,,,,,,,,,,,,,,,,,,
3577de361e1a46b1be544d37731bfde6_i2_5.jpg,,,,,,,,,,,,,,,,,,,,,,,,,,,,,,,,,,,,,,,,,,,,,,,,
cb6a9786e4ff47f79a11b024c36ef7c0_i0_4.jpg,,,,,,,,,,,,,,,,,,,,,,,,,,,,,,,,,,,,,,,,,,,,,,,,
cb66d4266148455bbddf5d059a483711_i0_1.jpg,,,,,,,,,,,,,,,,,,,,,,,,,,,,,,,,,,,,,,,,,,,,,,,,
c429b363fd3145fe8a7631bbe9644066_i0_3.jpg,,,,,,,,,,,,,,,,,,,,,,,,,,,,,,,,,,,,,,,,,,,,,,,,
50c241453dfd45c1ba95b5d7191982ef_i0_2.jpg,,,,,,,,,,,,,,,,,,,,,,,,,,,,,,,,,,,,,,,,,,,,,,,,
5b9b2794954e4694a45fc424a8643081_i0_3.jpg,,,,,,,,,,,,,,,,,,,,,,,,,,,,,,,,,,,,,,,,,,,,,,,,
352a92fb1f6d4b71b3aafcc74e196234_i1_5.jpg,chair,84.26,-4,438,130,586,,,,,,,,,,,,,,,,,,,,,,,,,,,,,,,,,,,,,,,,,,
51857544c192476faebf212acb1b3d90_i0_2.jpg,,,,,,,,,,,,,,,,,,,,,,,,,,,,,,,,,,,,,,,,,,,,,,,,
1e86968849944444b66d9537efb5da9e_i1_2.jpg,chair,91.39,360,701,555,313,,,,,,,,,,,,,,,,,,,,,,,,,,,,,,,,,,,,,,,,,,
1e86968849944444b66d9537efb5da9e_i1_3.jpg,bed,93.5,455,655,635,378,,,,,,,,,,,,,,,,,,,,,,,,,,,,,,,,,,,,,,,,,,
352a92fb1f6d4b71b3aafcc74e196234_i1_4.jpg,chair,95.22,-1,453,368,546,,,,,,,,,,,,,,,,,,,,,,,,,,,,,,,,,,,,,,,,,,
51857544c192476faebf212acb1b3d90_i0_3.jpg,,,,,,,,,,,,,,,,,,,,,,,,,,,,,,,,,,,,,,,,,,,,,,,,
50c241453dfd45c1ba95b5d7191982ef_i0_3.jpg,,,,,,,,,,,,,,,,,,,,,,,,,,,,,,,,,,,,,,,,,,,,,,,,
c429b363fd3145fe8a7631bbe9644066_i0_2.jpg,,,,,,,,,,,,,,,,,,,,,,,,,,,,,,,,,,,,,,,,,,,,,,,,
5b9b2794954e4694a45fc424a8643081_i0_2.jpg,,,,,,,,,,,,,,,,,,,,,,,,,,,,,,,,,,,,,,,,,,,,,,,,
cb66d4266148455bbddf5d059a483711_i0_0.jpg,,,,,,,,,,,,,,,,,,,,,,,,,,,,,,,,,,,,,,,,,,,,,,,,
cb6a9786e4ff47f79a11b024c36ef7c0_i0_5.jpg,,,,,,,,,,,,,,,,,,,,,,,,,,,,,,,,,,,,,,,,,,,,,,,,
3577de361e1a46b1be544d37731bfde6_i2_4.jpg,,,,,,,,,,,,,,,,,,,,,,,,,,,,,,,,,,,,,,,,,,,,,,,,
51857544c192476faebf212acb1b3d90_i2_1.jpg,,,,,,,,,,,,,,,,,,,,,,,,,,,,,,,,,,,,,,,,,,,,,,,,
e34dcf54d26a4a95869cc8a0c01cd2be_i1_3.jpg,,,,,,,,,,,,,,,,,,,,,,,,,,,,,,,,,,,,,,,,,,,,,,,,
5b9b2794954e4694a45fc424a8643081_i2_0.jpg,,,,,,,,,,,,,,,,,,,,,,,,,,,,,,,,,,,,,,,,,,,,,,,,
c429b363fd3145fe8a7631bbe9644066_i2_0.jpg,,,,,,,,,,,,,,,,,,,,,,,,,,,,,,,,,,,,,,,,,,,,,,,,
df211c2c55f94b87a717ce1469577456_i0_5.jpg,,,,,,,,,,,,,,,,,,,,,,,,,,,,,,,,,,,,,,,,,,,,,,,,
50c241453dfd45c1ba95b5d7191982ef_i2_1.jpg,,,,,,,,,,,,,,,,,,,,,,,,,,,,,,,,,,,,,,,,,,,,,,,,
00ebbf3782c64d74aaf7dd39cd561175_i2_4.jpg,,,,,,,,,,,,,,,,,,,,,,,,,,,,,,,,,,,,,,,,,,,,,,,,
cb66d4266148455bbddf5d059a483711_i2_2.jpg,chair,97.42,368,9,297,242,,,,,,,,,,,,,,,,,,,,,,,,,,,,,,,,,,,,,,,,,,
30c97842da204e6290ac32904c924e17_i1_3.jpg,chair,67.99,614,653,610,369,tvmonitor,51.19,6,282,617,366,,,,,,,,,,,,,,,,,,,,,,,,,,,,,,,,,,,,
d160d2229e4148839ef3a43dbc0ecdc4_i2_3.jpg,,,,,,,,,,,,,,,,,,,,,,,,,,,,,,,,,,,,,,,,,,,,,,,,
6800f98e9e67463e9928a4253253bc2f_i1_2.jpg,,,,,,,,,,,,,,,,,,,,,,,,,,,,,,,,,,,,,,,,,,,,,,,,
558ba0761bf24428b9cf91e60333ea25_i1_0.jpg,,,,,,,,,,,,,,,,,,,,,,,,,,,,,,,,,,,,,,,,,,,,,,,,
c8112f69d34d476fbb29e6b3909deba2_i1_5.jpg,,,,,,,,,,,,,,,,,,,,,,,,,,,,,,,,,,,,,,,,,,,,,,,,
10c252c90fa24ef3b698c6f54d984c5c_i0_3.jpg,,,,,,,,,,,,,,,,,,,,,,,,,,,,,,,,,,,,,,,,,,,,,,,,
08c774f20c984008882da2b8547850eb_i1_1.jpg,chair,66.14,217,927,296,98,chair,65.45,353,760,221,110,chair,56.22,711,774,163,127,,,,,,,,,,,,,,,,,,,,,,,,,,,,,,
d65b6505904448d1940e679c9a098047_i1_5.jpg,,,,,,,,,,,,,,,,,,,,,,,,,,,,,,,,,,,,,,,,,,,,,,,,
8a0f2f1a8ea441658501561e5dc34a3e_i0_3.jpg,,,,,,,,,,,,,,,,,,,,,,,,,,,,,,,,,,,,,,,,,,,,,,,,
8ccf449f599a4cd88648e1d0ff39fdd0_i1_4.jpg,,,,,,,,,,,,,,,,,,,,,,,,,,,,,,,,,,,,,,,,,,,,,,,,
5e9f4f8654574e699480e90ecdd150c8_i1_4.jpg,bottle,97.59,118,548,36,97,bottle,97.11,68,561,38,85,bottle,91.88,161,665,39,117,bottle,81.73,200,688,29,101,bottle,77.77,167,570,30,70,sink,65.5,0,792,161,91,,,,,,,,,,,,
d160d2229e4148839ef3a43dbc0ecdc4_i0_1.jpg,,,,,,,,,,,,,,,,,,,,,,,,,,,,,,,,,,,,,,,,,,,,,,,,
10c252c90fa24ef3b698c6f54d984c5c_i2_1.jpg,,,,,,,,,,,,,,,,,,,,,,,,,,,,,,,,,,,,,,,,,,,,,,,,
e0ce09f0178c48e2bbe649d2bf659702_i2_5.jpg,,,,,,,,,,,,,,,,,,,,,,,,,,,,,,,,,,,,,,,,,,,,,,,,
8a0f2f1a8ea441658501561e5dc34a3e_i2_1.jpg,,,,,,,,,,,,,,,,,,,,,,,,,,,,,,,,,,,,,,,,,,,,,,,,
28db29e8c72c4a68bfdf5bb2b454443d_i2_5.jpg,sink,97.05,4,548,310,364,,,,,,,,,,,,,,,,,,,,,,,,,,,,,,,,,,,,,,,,,,
8a0f2f1a8ea441658501561e5dc34a3e_i2_3.jpg,bed,86.27,483,-41,819,818,,,,,,,,,,,,,,,,,,,,,,,,,,,,,,,,,,,,,,,,,,
10c252c90fa24ef3b698c6f54d984c5c_i2_3.jpg,,,,,,,,,,,,,,,,,,,,,,,,,,,,,,,,,,,,,,,,,,,,,,,,
d160d2229e4148839ef3a43dbc0ecdc4_i0_3.jpg,,,,,,,,,,,,,,,,,,,,,,,,,,,,,,,,,,,,,,,,,,,,,,,,
8a0f2f1a8ea441658501561e5dc34a3e_i0_1.jpg,,,,,,,,,,,,,,,,,,,,,,,,,,,,,,,,,,,,,,,,,,,,,,,,
28db29e8c72c4a68bfdf5bb2b454443d_i0_5.jpg,,,,,,,,,,,,,,,,,,,,,,,,,,,,,,,,,,,,,,,,,,,,,,,,
08c774f20c984008882da2b8547850eb_i1_3.jpg,oven,57.92,1153,850,131,169,,,,,,,,,,,,,,,,,,,,,,,,,,,,,,,,,,,,,,,,,,
e0ce09f0178c48e2bbe649d2bf659702_i0_5.jpg,,,,,,,,,,,,,,,,,,,,,,,,,,,,,,,,,,,,,,,,,,,,,,,,
558ba0761bf24428b9cf91e60333ea25_i1_2.jpg,,,,,,,,,,,,,,,,,,,,,,,,,,,,,,,,,,,,,,,,,,,,,,,,
10c252c90fa24ef3b698c6f54d984c5c_i0_1.jpg,,,,,,,,,,,,,,,,,,,,,,,,,,,,,,,,,,,,,,,,,,,,,,,,
6800f98e9e67463e9928a4253253bc2f_i1_0.jpg,sofa,88.19,69,373,1150,629,,,,,,,,,,,,,,,,,,,,,,,,,,,,,,,,,,,,,,,,,,
d160d2229e4148839ef3a43dbc0ecdc4_i2_1.jpg,,,,,,,,,,,,,,,,,,,,,,,,,,,,,,,,,,,,,,,,,,,,,,,,
30c97842da204e6290ac32904c924e17_i1_1.jpg,chair,95.22,975,495,300,529,,,,,,,,,,,,,,,,,,,,,,,,,,,,,,,,,,,,,,,,,,
50c241453dfd45c1ba95b5d7191982ef_i2_3.jpg,chair,63.06,409,-8,193,181,,,,,,,,,,,,,,,,,,,,,,,,,,,,,,,,,,,,,,,,,,
c429b363fd3145fe8a7631bbe9644066_i2_2.jpg,,,,,,,,,,,,,,,,,,,,,,,,,,,,,,,,,,,,,,,,,,,,,,,,
5b9b2794954e4694a45fc424a8643081_i2_2.jpg,,,,,,,,,,,,,,,,,,,,,,,,,,,,,,,,,,,,,,,,,,,,,,,,
cb66d4266148455bbddf5d059a483711_i2_0.jpg,,,,,,,,,,,,,,,,,,,,,,,,,,,,,,,,,,,,,,,,,,,,,,,,
51857544c192476faebf212acb1b3d90_i2_3.jpg,chair,97.95,406,7,430,547,sofa,52.87,-9,1,512,352,,,,,,,,,,,,,,,,,,,,,,,,,,,,,,,,,,,,
e34dcf54d26a4a95869cc8a0c01cd2be_i1_1.jpg,sofa,93.45,302,645,627,376,tvmonitor,65.59,1002,471,258,225,,,,,,,,,,,,,,,,,,,,,,,,,,,,,,,,,,,,
5b9b2794954e4694a45fc424a8643081_i0_0.jpg,,,,,,,,,,,,,,,,,,,,,,,,,,,,,,,,,,,,,,,,,,,,,,,,
df211c2c55f94b87a717ce1469577456_i2_5.jpg,knife,52.85,-19,150,1176,720,,,,,,,,,,,,,,,,,,,,,,,,,,,,,,,,,,,,,,,,,,
c429b363fd3145fe8a7631bbe9644066_i0_0.jpg,,,,,,,,,,,,,,,,,,,,,,,,,,,,,,,,,,,,,,,,,,,,,,,,
50c241453dfd45c1ba95b5d7191982ef_i0_1.jpg,,,,,,,,,,,,,,,,,,,,,,,,,,,,,,,,,,,,,,,,,,,,,,,,
00ebbf3782c64d74aaf7dd39cd561175_i0_4.jpg,,,,,,,,,,,,,,,,,,,,,,,,,,,,,,,,,,,,,,,,,,,,,,,,
cb66d4266148455bbddf5d059a483711_i0_2.jpg,,,,,,,,,,,,,,,,,,,,,,,,,,,,,,,,,,,,,,,,,,,,,,,,
51857544c192476faebf212acb1b3d90_i0_1.jpg,,,,,,,,,,,,,,,,,,,,,,,,,,,,,,,,,,,,,,,,,,,,,,,,
cb6a9786e4ff47f79a11b024c36ef7c0_i2_5.jpg,,,,,,,,,,,,,,,,,,,,,,,,,,,,,,,,,,,,,,,,,,,,,,,,
3577de361e1a46b1be544d37731bfde6_i0_4.jpg,,,,,,,,,,,,,,,,,,,,,,,,,,,,,,,,,,,,,,,,,,,,,,,,
1e86968849944444b66d9537efb5da9e_i1_1.jpg,,,,,,,,,,,,,,,,,,,,,,,,,,,,,,,,,,,,,,,,,,,,,,,,
1e86968849944444b66d9537efb5da9e_i1_0.jpg,,,,,,,,,,,,,,,,,,,,,,,,,,,,,,,,,,,,,,,,,,,,,,,,
3577de361e1a46b1be544d37731bfde6_i0_5.jpg,,,,,,,,,,,,,,,,,,,,,,,,,,,,,,,,,,,,,,,,,,,,,,,,
cb6a9786e4ff47f79a11b024c36ef7c0_i2_4.jpg,,,,,,,,,,,,,,,,,,,,,,,,,,,,,,,,,,,,,,,,,,,,,,,,
51857544c192476faebf212acb1b3d90_i0_0.jpg,,,,,,,,,,,,,,,,,,,,,,,,,,,,,,,,,,,,,,,,,,,,,,,,
cb66d4266148455bbddf5d059a483711_i0_3.jpg,,,,,,,,,,,,,,,,,,,,,,,,,,,,,,,,,,,,,,,,,,,,,,,,
00ebbf3782c64d74aaf7dd39cd561175_i0_5.jpg,,,,,,,,,,,,,,,,,,,,,,,,,,,,,,,,,,,,,,,,,,,,,,,,
5b9b2794954e4694a45fc424a8643081_i0_1.jpg,,,,,,,,,,,,,,,,,,,,,,,,,,,,,,,,,,,,,,,,,,,,,,,,
50c241453dfd45c1ba95b5d7191982ef_i0_0.jpg,,,,,,,,,,,,,,,,,,,,,,,,,,,,,,,,,,,,,,,,,,,,,,,,
c429b363fd3145fe8a7631bbe9644066_i0_1.jpg,,,,,,,,,,,,,,,,,,,,,,,,,,,,,,,,,,,,,,,,,,,,,,,,
df211c2c55f94b87a717ce1469577456_i2_4.jpg,,,,,,,,,,,,,,,,,,,,,,,,,,,,,,,,,,,,,,,,,,,,,,,,
e34dcf54d26a4a95869cc8a0c01cd2be_i1_0.jpg,bed,97.37,-22,665,671,353,cup,63.76,645,497,80,75,,,,,,,,,,,,,,,,,,,,,,,,,,,,,,,,,,,,
51857544c192476faebf212acb1b3d90_i2_2.jpg,,,,,,,,,,,,,,,,,,,,,,,,,,,,,,,,,,,,,,,,,,,,,,,,
cb66d4266148455bbddf5d059a483711_i2_1.jpg,,,,,,,,,,,,,,,,,,,,,,,,,,,,,,,,,,,,,,,,,,,,,,,,
c429b363fd3145fe8a7631bbe9644066_i2_3.jpg,,,,,,,,,,,,,,,,,,,,,,,,,,,,,,,,,,,,,,,,,,,,,,,,
50c241453dfd45c1ba95b5d7191982ef_i2_2.jpg,,,,,,,,,,,,,,,,,,,,,,,,,,,,,,,,,,,,,,,,,,,,,,,,
5b9b2794954e4694a45fc424a8643081_i2_3.jpg,,,,,,,,,,,,,,,,,,,,,,,,,,,,,,,,,,,,,,,,,,,,,,,,
d160d2229e4148839ef3a43dbc0ecdc4_i2_0.jpg,chair,70.28,1151,186,127,381,,,,,,,,,,,,,,,,,,,,,,,,,,,,,,,,,,,,,,,,,,
6800f98e9e67463e9928a4253253bc2f_i1_1.jpg,chair,81.49,518,526,90,155,chair,75.62,297,486,224,255,chair,53.88,96,510,81,70,,,,,,,,,,,,,,,,,,,,,,,,,,,,,,
30c97842da204e6290ac32904c924e17_i1_0.jpg,,,,,,,,,,,,,,,,,,,,,,,,,,,,,,,,,,,,,,,,,,,,,,,,
10c252c90fa24ef3b698c6f54d984c5c_i0_0.jpg,,,,,,,,,,,,,,,,,,,,,,,,,,,,,,,,,,,,,,,,,,,,,,,,
558ba0761bf24428b9cf91e60333ea25_i1_3.jpg,,,,,,,,,,,,,,,,,,,,,,,,,,,,,,,,,,,,,,,,,,,,,,,,
e0ce09f0178c48e2bbe649d2bf659702_i0_4.jpg,,,,,,,,,,,,,,,,,,,,,,,,,,,,,,,,,,,,,,,,,,,,,,,,
08c774f20c984008882da2b8547850eb_i1_2.jpg,,,,,,,,,,,,,,,,,,,,,,,,,,,,,,,,,,,,,,,,,,,,,,,,
8a0f2f1a8ea441658501561e5dc34a3e_i0_0.jpg,,,,,,,,,,,,,,,,,,,,,,,,,,,,,,,,,,,,,,,,,,,,,,,,
28db29e8c72c4a68bfdf5bb2b454443d_i0_4.jpg,,,,,,,,,,,,,,,,,,,,,,,,,,,,,,,,,,,,,,,,,,,,,,,,
d160d2229e4148839ef3a43dbc0ecdc4_i0_2.jpg,,,,,,,,,,,,,,,,,,,,,,,,,,,,,,,,,,,,,,,,,,,,,,,,
10c252c90fa24ef3b698c6f54d984c5c_i2_2.jpg,,,,,,,,,,,,,,,,,,,,,,,,,,,,,,,,,,,,,,,,,,,,,,,,
8a0f2f1a8ea441658501561e5dc34a3e_i2_2.jpg,chair,98.69,312,19,486,532,,,,,,,,,,,,,,,,,,,,,,,,,,,,,,,,,,,,,,,,,,
e0ce09f0178c48e2bbe649d2bf659702_i2_2.jpg,refrigerator,62,644,-11,386,427,,,,,,,,,,,,,,,,,,,,,,,,,,,,,,,,,,,,,,,,,,
28db29e8c72c4a68bfdf5bb2b454443d_i2_2.jpg,,,,,,,,,,,,,,,,,,,,,,,,,,,,,,,,,,,,,,,,,,,,,,,,
e0ce09f0178c48e2bbe649d2bf659702_i0_0.jpg,,,,,,,,,,,,,,,,,,,,,,,,,,,,,,,,,,,,,,,,,,,,,,,,
d65b6505904448d1940e679c9a098047_i1_2.jpg,,,,,,,,,,,,,,,,,,,,,,,,,,,,,,,,,,,,,,,,,,,,,,,,
28db29e8c72c4a68bfdf5bb2b454443d_i0_0.jpg,,,,,,,,,,,,,,,,,,,,,,,,,,,,,,,,,,,,,,,,,,,,,,,,
8a0f2f1a8ea441658501561e5dc34a3e_i0_4.jpg,,,,,,,,,,,,,,,,,,,,,,,,,,,,,,,,,,,,,,,,,,,,,,,,
5e9f4f8654574e699480e90ecdd150c8_i1_3.jpg,oven,93.71,808,842,290,179,,,,,,,,,,,,,,,,,,,,,,,,,,,,,,,,,,,,,,,,,,
8ccf449f599a4cd88648e1d0ff39fdd0_i1_3.jpg,,,,,,,,,,,,,,,,,,,,,,,,,,,,,,,,,,,,,,,,,,,,,,,,
30c97842da204e6290ac32904c924e17_i1_4.jpg,,,,,,,,,,,,,,,,,,,,,,,,,,,,,,,,,,,,,,,,,,,,,,,,
6800f98e9e67463e9928a4253253bc2f_i1_5.jpg,,,,,,,,,,,,,,,,,,,,,,,,,,,,,,,,,,,,,,,,,,,,,,,,
d160d2229e4148839ef3a43dbc0ecdc4_i2_4.jpg,toilet,60.55,1135,662,140,373,,,,,,,,,,,,,,,,,,,,,,,,,,,,,,,,,,,,,,,,,,
c8112f69d34d476fbb29e6b3909deba2_i1_2.jpg,sofa,69.54,1073,663,198,155,,,,,,,,,,,,,,,,,,,,,,,,,,,,,,,,,,,,,,,,,,
10c252c90fa24ef3b698c6f54d984c5c_i0_4.jpg,,,,,,,,,,,,,,,,,,,,,,,,,,,,,,,,,,,,,,,,,,,,,,,,
e34dcf54d26a4a95869cc8a0c01cd2be_i1_4.jpg,chair,96.3,1004,657,286,361,,,,,,,,,,,,,,,,,,,,,,,,,,,,,,,,,,,,,,,,,,
df211c2c55f94b87a717ce1469577456_i0_2.jpg,,,,,,,,,,,,,,,,,,,,,,,,,,,,,,,,,,,,,,,,,,,,,,,,
00ebbf3782c64d74aaf7dd39cd561175_i2_3.jpg,refrigerator,76.36,187,27,1076,955,,,,,,,,,,,,,,,,,,,,,,,,,,,,,,,,,,,,,,,,,,
cb66d4266148455bbddf5d059a483711_i2_5.jpg,sink,61.96,7,173,320,828,,,,,,,,,,,,,,,,,,,,,,,,,,,,,,,,,,,,,,,,,,
cb6a9786e4ff47f79a11b024c36ef7c0_i0_2.jpg,,,,,,,,,,,,,,,,,,,,,,,,,,,,,,,,,,,,,,,,,,,,,,,,
3577de361e1a46b1be544d37731bfde6_i2_3.jpg,,,,,,,,,,,,,,,,,,,,,,,,,,,,,,,,,,,,,,,,,,,,,,,,
352a92fb1f6d4b71b3aafcc74e196234_i1_3.jpg,chair,94.86,481,475,169,272,chair,88.21,800,477,402,549,chair,61.91,1063,482,219,564,bottle,60.42,293,385,18,41,bottle,56.27,321,385,20,42,,,,,,,,,,,,,,,,,,
51857544c192476faebf212acb1b3d90_i0_4.jpg,,,,,,,,,,,,,,,,,,,,,,,,,,,,,,,,,,,,,,,,,,,,,,,,
df211c2c55f94b87a717ce1469577456_i2_0.jpg,,,,,,,,,,,,,,,,,,,,,,,,,,,,,,,,,,,,,,,,,,,,,,,,
c429b363fd3145fe8a7631bbe9644066_i0_5.jpg,,,,,,,,,,,,,,,,,,,,,,,,,,,,,,,,,,,,,,,,,,,,,,,,
50c241453dfd45c1ba95b5d7191982ef_i0_4.jpg,,,,,,,,,,,,,,,,,,,,,,,,,,,,,,,,,,,,,,,,,,,,,,,,
5b9b2794954e4694a45fc424a8643081_i0_5.jpg,,,,,,,,,,,,,,,,,,,,,,,,,,,,,,,,,,,,,,,,,,,,,,,,
00ebbf3782c64d74aaf7dd39cd561175_i0_1.jpg,,,,,,,,,,,,,,,,,,,,,,,,,,,,,,,,,,,,,,,,,,,,,,,,
1e86968849944444b66d9537efb5da9e_i1_4.jpg,,,,,,,,,,,,,,,,,,,,,,,,,,,,,,,,,,,,,,,,,,,,,,,,
cb6a9786e4ff47f79a11b024c36ef7c0_i2_0.jpg,,,,,,,,,,,,,,,,,,,,,,,,,,,,,,,,,,,,,,,,,,,,,,,,
3577de361e1a46b1be544d37731bfde6_i0_1.jpg,,,,,,,,,,,,,,,,,,,,,,,,,,,,,,,,,,,,,,,,,,,,,,,,
3577de361e1a46b1be544d37731bfde6_i0_0.jpg,,,,,,,,,,,,,,,,,,,,,,,,,,,,,,,,,,,,,,,,,,,,,,,,
cb6a9786e4ff47f79a11b024c36ef7c0_i2_1.jpg,,,,,,,,,,,,,,,,,,,,,,,,,,,,,,,,,,,,,,,,,,,,,,,,
1e86968849944444b66d9537efb5da9e_i1_5.jpg,,,,,,,,,,,,,,,,,,,,,,,,,,,,,,,,,,,,,,,,,,,,,,,,
00ebbf3782c64d74aaf7dd39cd561175_i0_0.jpg,,,,,,,,,,,,,,,,,,,,,,,,,,,,,,,,,,,,,,,,,,,,,,,,
50c241453dfd45c1ba95b5d7191982ef_i0_5.jpg,,,,,,,,,,,,,,,,,,,,,,,,,,,,,,,,,,,,,,,,,,,,,,,,
c429b363fd3145fe8a7631bbe9644066_i0_4.jpg,tvmonitor,51.78,850,868,432,164,,,,,,,,,,,,,,,,,,,,,,,,,,,,,,,,,,,,,,,,,,
df211c2c55f94b87a717ce1469577456_i2_1.jpg,refrigerator,62.34,48,-5,1222,755,,,,,,,,,,,,,,,,,,,,,,,,,,,,,,,,,,,,,,,,,,
5b9b2794954e4694a45fc424a8643081_i0_4.jpg,,,,,,,,,,,,,,,,,,,,,,,,,,,,,,,,,,,,,,,,,,,,,,,,
352a92fb1f6d4b71b3aafcc74e196234_i1_2.jpg,chair,99.08,280,370,694,617,chair,90.33,974,475,184,505,pottedplant,82.93,674,333,108,50,pottedplant,66.94,144,222,183,227,,,,,,,,,,,,,,,,,,,,,,,,
51857544c192476faebf212acb1b3d90_i0_5.jpg,,,,,,,,,,,,,,,,,,,,,,,,,,,,,,,,,,,,,,,,,,,,,,,,
3577de361e1a46b1be544d37731bfde6_i2_2.jpg,,,,,,,,,,,,,,,,,,,,,,,,,,,,,,,,,,,,,,,,,,,,,,,,
cb6a9786e4ff47f79a11b024c36ef7c0_i0_3.jpg,remote,64.09,117,561,235,345,,,,,,,,,,,,,,,,,,,,,,,,,,,,,,,,,,,,,,,,,,
cb66d4266148455bbddf5d059a483711_i2_4.jpg,cup,58.36,447,153,108,106,,,,,,,,,,,,,,,,,,,,,,,,,,,,,,,,,,,,,,,,,,
00ebbf3782c64d74aaf7dd39cd561175_i2_2.jpg,,,,,,,,,,,,,,,,,,,,,,,,,,,,,,,,,,,,,,,,,,,,,,,,
df211c2c55f94b87a717ce1469577456_i0_3.jpg,,,,,,,,,,,,,,,,,,,,,,,,,,,,,,,,,,,,,,,,,,,,,,,,
e34dcf54d26a4a95869cc8a0c01cd2be_i1_5.jpg,bed,96.87,529,645,748,377,tvmonitor,94.83,297,592,264,190,,,,,,,,,,,,,,,,,,,,,,,,,,,,,,,,,,,,
10c252c90fa24ef3b698c6f54d984c5c_i0_5.jpg,,,,,,,,,,,,,,,,,,,,,,,,,,,,,,,,,,,,,,,,,,,,,,,,
c8112f69d34d476fbb29e6b3909deba2_i1_3.jpg,chair,99.69,697,836,281,181,chair,98,979,781,245,221,chair,96.37,754,681,81,36,chair,95.18,1067,693,118,43,chair,81.68,602,734,143,223,chair,68.73,689,704,107,63,chair,67.1,1043,695,145,87,diningtable,64.98,670,695,493,145
30c97842da204e6290ac32904c924e17_i1_5.jpg,,,,,,,,,,,,,,,,,,,,,,,,,,,,,,,,,,,,,,,,,,,,,,,,
d160d2229e4148839ef3a43dbc0ecdc4_i2_5.jpg,toilet,99.94,374,0,284,860,,,,,,,,,,,,,,,,,,,,,,,,,,,,,,,,,,,,,,,,,,
6800f98e9e67463e9928a4253253bc2f_i1_4.jpg,bed,81.14,85,471,552,377,,,,,,,,,,,,,,,,,,,,,,,,,,,,,,,,,,,,,,,,,,
28db29e8c72c4a68bfdf5bb2b454443d_i0_1.jpg,,,,,,,,,,,,,,,,,,,,,,,,,,,,,,,,,,,,,,,,,,,,,,,,
8a0f2f1a8ea441658501561e5dc34a3e_i0_5.jpg,,,,,,,,,,,,,,,,,,,,,,,,,,,,,,,,,,,,,,,,,,,,,,,,
d65b6505904448d1940e679c9a098047_i1_3.jpg,,,,,,,,,,,,,,,,,,,,,,,,,,,,,,,,,,,,,,,,,,,,,,,,
8ccf449f599a4cd88648e1d0ff39fdd0_i1_2.jpg,chair,99.74,634,623,227,291,,,,,,,,,,,,,,,,,,,,,,,,,,,,,,,,,,,,,,,,,,
5e9f4f8654574e699480e90ecdd150c8_i1_2.jpg,,,,,,,,,,,,,,,,,,,,,,,,,,,,,,,,,,,,,,,,,,,,,,,,
e0ce09f0178c48e2bbe649d2bf659702_i0_1.jpg,,,,,,,,,,,,,,,,,,,,,,,,,,,,,,,,,,,,,,,,,,,,,,,,
28db29e8c72c4a68bfdf5bb2b454443d_i2_3.jpg,,,,,,,,,,,,,,,,,,,,,,,,,,,,,,,,,,,,,,,,,,,,,,,,
e0ce09f0178c48e2bbe649d2bf659702_i2_3.jpg,chair,69.22,349,143,112,287,,,,,,,,,,,,,,,,,,,,,,,,,,,,,,,,,,,,,,,,,,
e0ce09f0178c48e2bbe649d2bf659702_i2_1.jpg,,,,,,,,,,,,,,,,,,,,,,,,,,,,,,,,,,,,,,,,,,,,,,,,
28db29e8c72c4a68bfdf5bb2b454443d_i2_1.jpg,,,,,,,,,,,,,,,,,,,,,,,,,,,,,,,,,,,,,,,,,,,,,,,,
8a0f2f1a8ea441658501561e5dc34a3e_i2_5.jpg,,,,,,,,,,,,,,,,,,,,,,,,,,,,,,,,,,,,,,,,,,,,,,,,
d160d2229e4148839ef3a43dbc0ecdc4_i0_5.jpg,,,,,,,,,,,,,,,,,,,,,,,,,,,,,,,,,,,,,,,,,,,,,,,,
10c252c90fa24ef3b698c6f54d984c5c_i2_5.jpg,,,,,,,,,,,,,,,,,,,,,,,,,,,,,,,,,,,,,,,,,,,,,,,,
e0ce09f0178c48e2bbe649d2bf659702_i0_3.jpg,,,,,,,,,,,,,,,,,,,,,,,,,,,,,,,,,,,,,,,,,,,,,,,,
5e9f4f8654574e699480e90ecdd150c8_i1_0.jpg,sofa,99.76,19,682,1055,336,,,,,,,,,,,,,,,,,,,,,,,,,,,,,,,,,,,,,,,,,,
8ccf449f599a4cd88648e1d0ff39fdd0_i1_0.jpg,,,,,,,,,,,,,,,,,,,,,,,,,,,,,,,,,,,,,,,,,,,,,,,,
28db29e8c72c4a68bfdf5bb2b454443d_i0_3.jpg,,,,,,,,,,,,,,,,,,,,,,,,,,,,,,,,,,,,,,,,,,,,,,,,
d65b6505904448d1940e679c9a098047_i1_1.jpg,,,,,,,,,,,,,,,,,,,,,,,,,,,,,,,,,,,,,,,,,,,,,,,,
08c774f20c984008882da2b8547850eb_i1_5.jpg,sofa,79.3,978,688,300,284,bed,61.89,764,626,127,130,,,,,,,,,,,,,,,,,,,,,,,,,,,,,,,,,,,,
c8112f69d34d476fbb29e6b3909deba2_i1_1.jpg,,,,,,,,,,,,,,,,,,,,,,,,,,,,,,,,,,,,,,,,,,,,,,,,
558ba0761bf24428b9cf91e60333ea25_i1_4.jpg,,,,,,,,,,,,,,,,,,,,,,,,,,,,,,,,,,,,,,,,,,,,,,,,
51857544c192476faebf212acb1b3d90_i2_5.jpg,bed,94.27,52,17,1188,960,,,,,,,,,,,,,,,,,,,,,,,,,,,,,,,,,,,,,,,,,,
00ebbf3782c64d74aaf7dd39cd561175_i2_0.jpg,sink,88.45,16,424,379,629,,,,,,,,,,,,,,,,,,,,,,,,,,,,,,,,,,,,,,,,,,
50c241453dfd45c1ba95b5d7191982ef_i2_5.jpg,,,,,,,,,,,,,,,,,,,,,,,,,,,,,,,,,,,,,,,,,,,,,,,,
df211c2c55f94b87a717ce1469577456_i0_1.jpg,,,,,,,,,,,,,,,,,,,,,,,,,,,,,,,,,,,,,,,,,,,,,,,,
c429b363fd3145fe8a7631bbe9644066_i2_4.jpg,toilet,78.77,762,371,521,628,,,,,,,,,,,,,,,,,,,,,,,,,,,,,,,,,,,,,,,,,,
5b9b2794954e4694a45fc424a8643081_i2_4.jpg,,,,,,,,,,,,,,,,,,,,,,,,,,,,,,,,,,,,,,,,,,,,,,,,
3577de361e1a46b1be544d37731bfde6_i2_0.jpg,,,,,,,,,,,,,,,,,,,,,,,,,,,,,,,,,,,,,,,,,,,,,,,,
cb6a9786e4ff47f79a11b024c36ef7c0_i0_1.jpg,,,,,,,,,,,,,,,,,,,,,,,,,,,,,,,,,,,,,,,,,,,,,,,,
352a92fb1f6d4b71b3aafcc74e196234_i1_0.jpg,,,,,,,,,,,,,,,,,,,,,,,,,,,,,,,,,,,,,,,,,,,,,,,,
cb66d4266148455bbddf5d059a483711_i0_4.jpg,,,,,,,,,,,,,,,,,,,,,,,,,,,,,,,,,,,,,,,,,,,,,,,,
00ebbf3782c64d74aaf7dd39cd561175_i0_2.jpg,,,,,,,,,,,,,,,,,,,,,,,,,,,,,,,,,,,,,,,,,,,,,,,,
df211c2c55f94b87a717ce1469577456_i2_3.jpg,,,,,,,,,,,,,,,,,,,,,,,,,,,,,,,,,,,,,,,,,,,,,,,,
3577de361e1a46b1be544d37731bfde6_i0_2.jpg,,,,,,,,,,,,,,,,,,,,,,,,,,,,,,,,,,,,,,,,,,,,,,,,
cb6a9786e4ff47f79a11b024c36ef7c0_i2_3.jpg,,,,,,,,,,,,,,,,,,,,,,,,,,,,,,,,,,,,,,,,,,,,,,,,
cb6a9786e4ff47f79a11b024c36ef7c0_i2_2.jpg,,,,,,,,,,,,,,,,,,,,,,,,,,,,,,,,,,,,,,,,,,,,,,,,
3577de361e1a46b1be544d37731bfde6_i0_3.jpg,,,,,,,,,,,,,,,,,,,,,,,,,,,,,,,,,,,,,,,,,,,,,,,,
df211c2c55f94b87a717ce1469577456_i2_2.jpg,,,,,,,,,,,,,,,,,,,,,,,,,,,,,,,,,,,,,,,,,,,,,,,,
00ebbf3782c64d74aaf7dd39cd561175_i0_3.jpg,,,,,,,,,,,,,,,,,,,,,,,,,,,,,,,,,,,,,,,,,,,,,,,,
cb66d4266148455bbddf5d059a483711_i0_5.jpg,,,,,,,,,,,,,,,,,,,,,,,,,,,,,,,,,,,,,,,,,,,,,,,,
352a92fb1f6d4b71b3aafcc74e196234_i1_1.jpg,toilet,70.38,205,192,1096,826,,,,,,,,,,,,,,,,,,,,,,,,,,,,,,,,,,,,,,,,,,
cb6a9786e4ff47f79a11b024c36ef7c0_i0_0.jpg,,,,,,,,,,,,,,,,,,,,,,,,,,,,,,,,,,,,,,,,,,,,,,,,
3577de361e1a46b1be544d37731bfde6_i2_1.jpg,,,,,,,,,,,,,,,,,,,,,,,,,,,,,,,,,,,,,,,,,,,,,,,,
c429b363fd3145fe8a7631bbe9644066_i2_5.jpg,toilet,91.95,-14,487,595,482,toilet,87.06,631,245,482,544,chair,58.92,813,70,417,270,,,,,,,,,,,,,,,,,,,,,,,,,,,,,,
df211c2c55f94b87a717ce1469577456_i0_0.jpg,,,,,,,,,,,,,,,,,,,,,,,,,,,,,,,,,,,,,,,,,,,,,,,,
50c241453dfd45c1ba95b5d7191982ef_i2_4.jpg,bed,99.08,56,23,1171,957,,,,,,,,,,,,,,,,,,,,,,,,,,,,,,,,,,,,,,,,,,
5b9b2794954e4694a45fc424a8643081_i2_5.jpg,,,,,,,,,,,,,,,,,,,,,,,,,,,,,,,,,,,,,,,,,,,,,,,,
00ebbf3782c64d74aaf7dd39cd561175_i2_1.jpg,toilet,69.05,3,562,173,408,,,,,,,,,,,,,,,,,,,,,,,,,,,,,,,,,,,,,,,,,,
51857544c192476faebf212acb1b3d90_i2_4.jpg,bed,81.12,657,64,629,917,,,,,,,,,,,,,,,,,,,,,,,,,,,,,,,,,,,,,,,,,,
c8112f69d34d476fbb29e6b3909deba2_i1_0.jpg,,,,,,,,,,,,,,,,,,,,,,,,,,,,,,,,,,,,,,,,,,,,,,,,
558ba0761bf24428b9cf91e60333ea25_i1_5.jpg,bottle,90.22,600,803,38,110,sink,78.16,567,902,359,97,,,,,,,,,,,,,,,,,,,,,,,,,,,,,,,,,,,,
8ccf449f599a4cd88648e1d0ff39fdd0_i1_1.jpg,,,,,,,,,,,,,,,,,,,,,,,,,,,,,,,,,,,,,,,,,,,,,,,,
5e9f4f8654574e699480e90ecdd150c8_i1_1.jpg,chair,79.86,524,833,377,181,chair,69.6,431,774,185,243,,,,,,,,,,,,,,,,,,,,,,,,,,,,,,,,,,,,
08c774f20c984008882da2b8547850eb_i1_4.jpg,bottle,92.58,389,527,30,78,bottle,89.26,424,510,29,93,bottle,88.35,466,623,29,108,bottle,79.79,458,535,31,66,sink,67.25,319,744,170,39,oven,61.63,8,819,251,199,,,,,,,,,,,,
d65b6505904448d1940e679c9a098047_i1_0.jpg,,,,,,,,,,,,,,,,,,,,,,,,,,,,,,,,,,,,,,,,,,,,,,,,
28db29e8c72c4a68bfdf5bb2b454443d_i0_2.jpg,,,,,,,,,,,,,,,,,,,,,,,,,,,,,,,,,,,,,,,,,,,,,,,,
e0ce09f0178c48e2bbe649d2bf659702_i0_2.jpg,,,,,,,,,,,,,,,,,,,,,,,,,,,,,,,,,,,,,,,,,,,,,,,,
10c252c90fa24ef3b698c6f54d984c5c_i2_4.jpg,,,,,,,,,,,,,,,,,,,,,,,,,,,,,,,,,,,,,,,,,,,,,,,,
d160d2229e4148839ef3a43dbc0ecdc4_i0_4.jpg,,,,,,,,,,,,,,,,,,,,,,,,,,,,,,,,,,,,,,,,,,,,,,,,
28db29e8c72c4a68bfdf5bb2b454443d_i2_0.jpg,toilet,82.16,13,387,717,613,,,,,,,,,,,,,,,,,,,,,,,,,,,,,,,,,,,,,,,,,,
8a0f2f1a8ea441658501561e5dc34a3e_i2_4.jpg,bed,87.4,-8,10,568,842,,,,,,,,,,,,,,,,,,,,,,,,,,,,,,,,,,,,,,,,,,
e0ce09f0178c48e2bbe649d2bf659702_i2_0.jpg,laptop,97.67,61,62,1149,874,bottle,54.76,538,118,30,87,,,,,,,,,,,,,,,,,,,,,,,,,,,,,,,,,,,,
c429b363fd3145fe8a7631bbe9644066_i1_0.jpg,,,,,,,,,,,,,,,,,,,,,,,,,,,,,,,,,,,,,,,,,,,,,,,,
50c241453dfd45c1ba95b5d7191982ef_i1_1.jpg,,,,,,,,,,,,,,,,,,,,,,,,,,,,,,,,,,,,,,,,,,,,,,,,
5b9b2794954e4694a45fc424a8643081_i1_0.jpg,,,,,,,,,,,,,,,,,,,,,,,,,,,,,,,,,,,,,,,,,,,,,,,,
cb66d4266148455bbddf5d059a483711_i1_2.jpg,chair,99.14,337,655,337,357,,,,,,,,,,,,,,,,,,,,,,,,,,,,,,,,,,,,,,,,,,
00ebbf3782c64d74aaf7dd39cd561175_i1_4.jpg,,,,,,,,,,,,,,,,,,,,,,,,,,,,,,,,,,,,,,,,,,,,,,,,
e34dcf54d26a4a95869cc8a0c01cd2be_i2_3.jpg,,,,,,,,,,,,,,,,,,,,,,,,,,,,,,,,,,,,,,,,,,,,,,,,
51857544c192476faebf212acb1b3d90_i1_1.jpg,,,,,,,,,,,,,,,,,,,,,,,,,,,,,,,,,,,,,,,,,,,,,,,,
3577de361e1a46b1be544d37731bfde6_i1_4.jpg,,,,,,,,,,,,,,,,,,,,,,,,,,,,,,,,,,,,,,,,,,,,,,,,
1e86968849944444b66d9537efb5da9e_i0_1.jpg,,,,,,,,,,,,,,,,,,,,,,,,,,,,,,,,,,,,,,,,,,,,,,,,
e34dcf54d26a4a95869cc8a0c01cd2be_i0_1.jpg,,,,,,,,,,,,,,,,,,,,,,,,,,,,,,,,,,,,,,,,,,,,,,,,
352a92fb1f6d4b71b3aafcc74e196234_i2_4.jpg,,,,,,,,,,,,,,,,,,,,,,,,,,,,,,,,,,,,,,,,,,,,,,,,
1e86968849944444b66d9537efb5da9e_i2_3.jpg,bed,60.4,468,-33,750,762,,,,,,,,,,,,,,,,,,,,,,,,,,,,,,,,,,,,,,,,,,
08c774f20c984008882da2b8547850eb_i0_3.jpg,,,,,,,,,,,,,,,,,,,,,,,,,,,,,,,,,,,,,,,,,,,,,,,,
8a0f2f1a8ea441658501561e5dc34a3e_i1_1.jpg,,,,,,,,,,,,,,,,,,,,,,,,,,,,,,,,,,,,,,,,,,,,,,,,
28db29e8c72c4a68bfdf5bb2b454443d_i1_5.jpg,,,,,,,,,,,,,,,,,,,,,,,,,,,,,,,,,,,,,,,,,,,,,,,,
e0ce09f0178c48e2bbe649d2bf659702_i1_5.jpg,,,,,,,,,,,,,,,,,,,,,,,,,,,,,,,,,,,,,,,,,,,,,,,,
558ba0761bf24428b9cf91e60333ea25_i0_2.jpg,,,,,,,,,,,,,,,,,,,,,,,,,,,,,,,,,,,,,,,,,,,,,,,,
10c252c90fa24ef3b698c6f54d984c5c_i1_1.jpg,,,,,,,,,,,,,,,,,,,,,,,,,,,,,,,,,,,,,,,,,,,,,,,,
30c97842da204e6290ac32904c924e17_i0_1.jpg,person,69.89,43,31,1183,933,,,,,,,,,,,,,,,,,,,,,,,,,,,,,,,,,,,,,,,,,,
6800f98e9e67463e9928a4253253bc2f_i0_0.jpg,,,,,,,,,,,,,,,,,,,,,,,,,,,,,,,,,,,,,,,,,,,,,,,,
5e9f4f8654574e699480e90ecdd150c8_i2_4.jpg,chair,96.58,499,369,482,653,,,,,,,,,,,,,,,,,,,,,,,,,,,,,,,,,,,,,,,,,,
8ccf449f599a4cd88648e1d0ff39fdd0_i2_4.jpg,,,,,,,,,,,,,,,,,,,,,,,,,,,,,,,,,,,,,,,,,,,,,,,,
d65b6505904448d1940e679c9a098047_i2_5.jpg,toilet,53.21,11,330,822,715,,,,,,,,,,,,,,,,,,,,,,,,,,,,,,,,,,,,,,,,,,
08c774f20c984008882da2b8547850eb_i2_1.jpg,toilet,84.93,920,542,370,454,toilet,65.35,416,373,460,445,chair,56.17,251,6,623,845,,,,,,,,,,,,,,,,,,,,,,,,,,,,,,
c8112f69d34d476fbb29e6b3909deba2_i2_5.jpg,,,,,,,,,,,,,,,,,,,,,,,,,,,,,,,,,,,,,,,,,,,,,,,,
558ba0761bf24428b9cf91e60333ea25_i2_0.jpg,refrigerator,81.38,112,6,880,996,,,,,,,,,,,,,,,,,,,,,,,,,,,,,,,,,,,,,,,,,,
d160d2229e4148839ef3a43dbc0ecdc4_i1_3.jpg,,,,,,,,,,,,,,,,,,,,,,,,,,,,,,,,,,,,,,,,,,,,,,,,
6800f98e9e67463e9928a4253253bc2f_i2_2.jpg,,,,,,,,,,,,,,,,,,,,,,,,,,,,,,,,,,,,,,,,,,,,,,,,
30c97842da204e6290ac32904c924e17_i2_3.jpg,,,,,,,,,,,,,,,,,,,,,,,,,,,,,,,,,,,,,,,,,,,,,,,,
6800f98e9e67463e9928a4253253bc2f_i2_3.jpg,,,,,,,,,,,,,,,,,,,,,,,,,,,,,,,,,,,,,,,,,,,,,,,,
d160d2229e4148839ef3a43dbc0ecdc4_i1_2.jpg,,,,,,,,,,,,,,,,,,,,,,,,,,,,,,,,,,,,,,,,,,,,,,,,
30c97842da204e6290ac32904c924e17_i2_2.jpg,chair,82.17,-7,-9,368,427,,,,,,,,,,,,,,,,,,,,,,,,,,,,,,,,,,,,,,,,,,
c8112f69d34d476fbb29e6b3909deba2_i2_4.jpg,,,,,,,,,,,,,,,,,,,,,,,,,,,,,,,,,,,,,,,,,,,,,,,,
558ba0761bf24428b9cf91e60333ea25_i2_1.jpg,,,,,,,,,,,,,,,,,,,,,,,,,,,,,,,,,,,,,,,,,,,,,,,,
8ccf449f599a4cd88648e1d0ff39fdd0_i2_5.jpg,,,,,,,,,,,,,,,,,,,,,,,,,,,,,,,,,,,,,,,,,,,,,,,,
5e9f4f8654574e699480e90ecdd150c8_i2_5.jpg,,,,,,,,,,,,,,,,,,,,,,,,,,,,,,,,,,,,,,,,,,,,,,,,
08c774f20c984008882da2b8547850eb_i2_0.jpg,chair,86.5,85,29,254,302,chair,79.74,8,56,144,260,,,,,,,,,,,,,,,,,,,,,,,,,,,,,,,,,,,,
d65b6505904448d1940e679c9a098047_i2_4.jpg,toilet,89.97,224,610,584,398,toilet,82.76,15,201,592,474,toilet,60.66,-3,164,433,227,,,,,,,,,,,,,,,,,,,,,,,,,,,,,,
30c97842da204e6290ac32904c924e17_i0_0.jpg,,,,,,,,,,,,,,,,,,,,,,,,,,,,,,,,,,,,,,,,,,,,,,,,
6800f98e9e67463e9928a4253253bc2f_i0_1.jpg,tvmonitor,68.19,-3,806,540,214,,,,,,,,,,,,,,,,,,,,,,,,,,,,,,,,,,,,,,,,,,
10c252c90fa24ef3b698c6f54d984c5c_i1_0.jpg,chair,97.54,240,739,341,290,chair,93.25,1021,764,187,250,chair,87.17,638,691,152,213,chair,67.93,934,707,138,287,diningtable,61.83,1018,674,186,201,tvmonitor,57.97,22,478,402,261,,,,,,,,,,,,
558ba0761bf24428b9cf91e60333ea25_i0_3.jpg,,,,,,,,,,,,,,,,,,,,,,,,,,,,,,,,,,,,,,,,,,,,,,,,
e0ce09f0178c48e2bbe649d2bf659702_i1_4.jpg,,,,,,,,,,,,,,,,,,,,,,,,,,,,,,,,,,,,,,,,,,,,,,,,
8a0f2f1a8ea441658501561e5dc34a3e_i1_0.jpg,,,,,,,,,,,,,,,,,,,,,,,,,,,,,,,,,,,,,,,,,,,,,,,,
28db29e8c72c4a68bfdf5bb2b454443d_i1_4.jpg,,,,,,,,,,,,,,,,,,,,,,,,,,,,,,,,,,,,,,,,,,,,,,,,
08c774f20c984008882da2b8547850eb_i0_2.jpg,,,,,,,,,,,,,,,,,,,,,,,,,,,,,,,,,,,,,,,,,,,,,,,,
1e86968849944444b66d9537efb5da9e_i2_2.jpg,chair,98.69,471,-1,412,499,,,,,,,,,,,,,,,,,,,,,,,,,,,,,,,,,,,,,,,,,,
e34dcf54d26a4a95869cc8a0c01cd2be_i0_0.jpg,,,,,,,,,,,,,,,,,,,,,,,,,,,,,,,,,,,,,,,,,,,,,,,,
352a92fb1f6d4b71b3aafcc74e196234_i2_5.jpg,clock,62.39,328,23,392,554,clock,62.02,-22,12,725,973,,,,,,,,,,,,,,,,,,,,,,,,,,,,,,,,,,,,
1e86968849944444b66d9537efb5da9e_i0_0.jpg,,,,,,,,,,,,,,,,,,,,,,,,,,,,,,,,,,,,,,,,,,,,,,,,
3577de361e1a46b1be544d37731bfde6_i1_5.jpg,,,,,,,,,,,,,,,,,,,,,,,,,,,,,,,,,,,,,,,,,,,,,,,,
51857544c192476faebf212acb1b3d90_i1_0.jpg,chair,87.21,913,636,160,166,tvmonitor,81.06,776,489,203,143,chair,67.01,1106,625,94,138,,,,,,,,,,,,,,,,,,,,,,,,,,,,,,
e34dcf54d26a4a95869cc8a0c01cd2be_i2_2.jpg,,,,,,,,,,,,,,,,,,,,,,,,,,,,,,,,,,,,,,,,,,,,,,,,
00ebbf3782c64d74aaf7dd39cd561175_i1_5.jpg,,,,,,,,,,,,,,,,,,,,,,,,,,,,,,,,,,,,,,,,,,,,,,,,
cb66d4266148455bbddf5d059a483711_i1_3.jpg,,,,,,,,,,,,,,,,,,,,,,,,,,,,,,,,,,,,,,,,,,,,,,,,
50c241453dfd45c1ba95b5d7191982ef_i1_0.jpg,,,,,,,,,,,,,,,,,,,,,,,,,,,,,,,,,,,,,,,,,,,,,,,,
c429b363fd3145fe8a7631bbe9644066_i1_1.jpg,,,,,,,,,,,,,,,,,,,,,,,,,,,,,,,,,,,,,,,,,,,,,,,,
5b9b2794954e4694a45fc424a8643081_i1_1.jpg,chair,63.78,1061,639,215,264,,,,,,,,,,,,,,,,,,,,,,,,,,,,,,,,,,,,,,,,,,
cb66d4266148455bbddf5d059a483711_i1_1.jpg,,,,,,,,,,,,,,,,,,,,,,,,,,,,,,,,,,,,,,,,,,,,,,,,
5b9b2794954e4694a45fc424a8643081_i1_3.jpg,,,,,,,,,,,,,,,,,,,,,,,,,,,,,,,,,,,,,,,,,,,,,,,,
c429b363fd3145fe8a7631bbe9644066_i1_3.jpg,,,,,,,,,,,,,,,,,,,,,,,,,,,,,,,,,,,,,,,,,,,,,,,,
50c241453dfd45c1ba95b5d7191982ef_i1_2.jpg,,,,,,,,,,,,,,,,,,,,,,,,,,,,,,,,,,,,,,,,,,,,,,,,
51857544c192476faebf212acb1b3d90_i1_2.jpg,sofa,62.15,634,698,598,315,,,,,,,,,,,,,,,,,,,,,,,,,,,,,,,,,,,,,,,,,,
e34dcf54d26a4a95869cc8a0c01cd2be_i2_0.jpg,bed,90.2,-30,27,640,956,,,,,,,,,,,,,,,,,,,,,,,,,,,,,,,,,,,,,,,,,,
352a92fb1f6d4b71b3aafcc74e196234_i0_5.jpg,,,,,,,,,,,,,,,,,,,,,,,,,,,,,,,,,,,,,,,,,,,,,,,,
1e86968849944444b66d9537efb5da9e_i0_2.jpg,,,,,,,,,,,,,,,,,,,,,,,,,,,,,,,,,,,,,,,,,,,,,,,,
df211c2c55f94b87a717ce1469577456_i1_4.jpg,,,,,,,,,,,,,,,,,,,,,,,,,,,,,,,,,,,,,,,,,,,,,,,,
e34dcf54d26a4a95869cc8a0c01cd2be_i0_2.jpg,,,,,,,,,,,,,,,,,,,,,,,,,,,,,,,,,,,,,,,,,,,,,,,,
cb6a9786e4ff47f79a11b024c36ef7c0_i1_4.jpg,,,,,,,,,,,,,,,,,,,,,,,,,,,,,,,,,,,,,,,,,,,,,,,,
1e86968849944444b66d9537efb5da9e_i2_0.jpg,,,,,,,,,,,,,,,,,,,,,,,,,,,,,,,,,,,,,,,,,,,,,,,,
8ccf449f599a4cd88648e1d0ff39fdd0_i0_5.jpg,,,,,,,,,,,,,,,,,,,,,,,,,,,,,,,,,,,,,,,,,,,,,,,,
5e9f4f8654574e699480e90ecdd150c8_i0_5.jpg,,,,,,,,,,,,,,,,,,,,,,,,,,,,,,,,,,,,,,,,,,,,,,,,
08c774f20c984008882da2b8547850eb_i0_0.jpg,,,,,,,,,,,,,,,,,,,,,,,,,,,,,,,,,,,,,,,,,,,,,,,,
8a0f2f1a8ea441658501561e5dc34a3e_i1_2.jpg,chair,85.29,29,728,842,287,,,,,,,,,,,,,,,,,,,,,,,,,,,,,,,,,,,,,,,,,,
d65b6505904448d1940e679c9a098047_i0_4.jpg,,,,,,,,,,,,,,,,,,,,,,,,,,,,,,,,,,,,,,,,,,,,,,,,
10c252c90fa24ef3b698c6f54d984c5c_i1_2.jpg,,,,,,,,,,,,,,,,,,,,,,,,,,,,,,,,,,,,,,,,,,,,,,,,
c8112f69d34d476fbb29e6b3909deba2_i0_4.jpg,,,,,,,,,,,,,,,,,,,,,,,,,,,,,,,,,,,,,,,,,,,,,,,,
558ba0761bf24428b9cf91e60333ea25_i0_1.jpg,,,,,,,,,,,,,,,,,,,,,,,,,,,,,,,,,,,,,,,,,,,,,,,,
6800f98e9e67463e9928a4253253bc2f_i0_3.jpg,,,,,,,,,,,,,,,,,,,,,,,,,,,,,,,,,,,,,,,,,,,,,,,,
30c97842da204e6290ac32904c924e17_i0_2.jpg,,,,,,,,,,,,,,,,,,,,,,,,,,,,,,,,,,,,,,,,,,,,,,,,
08c774f20c984008882da2b8547850eb_i2_2.jpg,toilet,98.96,65,327,577,499,,,,,,,,,,,,,,,,,,,,,,,,,,,,,,,,,,,,,,,,,,
558ba0761bf24428b9cf91e60333ea25_i2_3.jpg,refrigerator,77.53,8,-14,557,681,,,,,,,,,,,,,,,,,,,,,,,,,,,,,,,,,,,,,,,,,,
30c97842da204e6290ac32904c924e17_i2_0.jpg,,,,,,,,,,,,,,,,,,,,,,,,,,,,,,,,,,,,,,,,,,,,,,,,
d160d2229e4148839ef3a43dbc0ecdc4_i1_0.jpg,chair,93.14,1128,628,144,262,,,,,,,,,,,,,,,,,,,,,,,,,,,,,,,,,,,,,,,,,,
6800f98e9e67463e9928a4253253bc2f_i2_1.jpg,,,,,,,,,,,,,,,,,,,,,,,,,,,,,,,,,,,,,,,,,,,,,,,,
30c97842da204e6290ac32904c924e17_i2_1.jpg,,,,,,,,,,,,,,,,,,,,,,,,,,,,,,,,,,,,,,,,,,,,,,,,
6800f98e9e67463e9928a4253253bc2f_i2_0.jpg,,,,,,,,,,,,,,,,,,,,,,,,,,,,,,,,,,,,,,,,,,,,,,,,
d160d2229e4148839ef3a43dbc0ecdc4_i1_1.jpg,vase,63.18,195,750,44,100,,,,,,,,,,,,,,,,,,,,,,,,,,,,,,,,,,,,,,,,,,
558ba0761bf24428b9cf91e60333ea25_i2_2.jpg,,,,,,,,,,,,,,,,,,,,,,,,,,,,,,,,,,,,,,,,,,,,,,,,
08c774f20c984008882da2b8547850eb_i2_3.jpg,chair,87.07,539,415,524,616,,,,,,,,,,,,,,,,,,,,,,,,,,,,,,,,,,,,,,,,,,
6800f98e9e67463e9928a4253253bc2f_i0_2.jpg,,,,,,,,,,,,,,,,,,,,,,,,,,,,,,,,,,,,,,,,,,,,,,,,
30c97842da204e6290ac32904c924e17_i0_3.jpg,,,,,,,,,,,,,,,,,,,,,,,,,,,,,,,,,,,,,,,,,,,,,,,,
c8112f69d34d476fbb29e6b3909deba2_i0_5.jpg,,,,,,,,,,,,,,,,,,,,,,,,,,,,,,,,,,,,,,,,,,,,,,,,
558ba0761bf24428b9cf91e60333ea25_i0_0.jpg,,,,,,,,,,,,,,,,,,,,,,,,,,,,,,,,,,,,,,,,,,,,,,,,
10c252c90fa24ef3b698c6f54d984c5c_i1_3.jpg,bed,95.81,866,753,394,272,,,,,,,,,,,,,,,,,,,,,,,,,,,,,,,,,,,,,,,,,,
5e9f4f8654574e699480e90ecdd150c8_i0_4.jpg,,,,,,,,,,,,,,,,,,,,,,,,,,,,,,,,,,,,,,,,,,,,,,,,
8ccf449f599a4cd88648e1d0ff39fdd0_i0_4.jpg,,,,,,,,,,,,,,,,,,,,,,,,,,,,,,,,,,,,,,,,,,,,,,,,
d65b6505904448d1940e679c9a098047_i0_5.jpg,tvmonitor,73.58,-22,801,529,221,,,,,,,,,,,,,,,,,,,,,,,,,,,,,,,,,,,,,,,,,,
8a0f2f1a8ea441658501561e5dc34a3e_i1_3.jpg,bed,75.7,543,671,726,352,,,,,,,,,,,,,,,,,,,,,,,,,,,,,,,,,,,,,,,,,,
08c774f20c984008882da2b8547850eb_i0_1.jpg,,,,,,,,,,,,,,,,,,,,,,,,,,,,,,,,,,,,,,,,,,,,,,,,
1e86968849944444b66d9537efb5da9e_i2_1.jpg,,,,,,,,,,,,,,,,,,,,,,,,,,,,,,,,,,,,,,,,,,,,,,,,
cb6a9786e4ff47f79a11b024c36ef7c0_i1_5.jpg,,,,,,,,,,,,,,,,,,,,,,,,,,,,,,,,,,,,,,,,,,,,,,,,
e34dcf54d26a4a95869cc8a0c01cd2be_i0_3.jpg,refrigerator,66.85,76,18,1140,960,,,,,,,,,,,,,,,,,,,,,,,,,,,,,,,,,,,,,,,,,,
df211c2c55f94b87a717ce1469577456_i1_5.jpg,,,,,,,,,,,,,,,,,,,,,,,,,,,,,,,,,,,,,,,,,,,,,,,,
1e86968849944444b66d9537efb5da9e_i0_3.jpg,,,,,,,,,,,,,,,,,,,,,,,,,,,,,,,,,,,,,,,,,,,,,,,,
e34dcf54d26a4a95869cc8a0c01cd2be_i2_1.jpg,,,,,,,,,,,,,,,,,,,,,,,,,,,,,,,,,,,,,,,,,,,,,,,,
51857544c192476faebf212acb1b3d90_i1_3.jpg,chair,89.69,286,718,549,305,sofa,87.73,-24,695,507,324,,,,,,,,,,,,,,,,,,,,,,,,,,,,,,,,,,,,
352a92fb1f6d4b71b3aafcc74e196234_i0_4.jpg,,,,,,,,,,,,,,,,,,,,,,,,,,,,,,,,,,,,,,,,,,,,,,,,
5b9b2794954e4694a45fc424a8643081_i1_2.jpg,,,,,,,,,,,,,,,,,,,,,,,,,,,,,,,,,,,,,,,,,,,,,,,,
50c241453dfd45c1ba95b5d7191982ef_i1_3.jpg,chair,91.95,402,660,206,301,sofa,57,163,697,304,223,tvmonitor,52.07,801,624,317,157,,,,,,,,,,,,,,,,,,,,,,,,,,,,,,
c429b363fd3145fe8a7631bbe9644066_i1_2.jpg,,,,,,,,,,,,,,,,,,,,,,,,,,,,,,,,,,,,,,,,,,,,,,,,
cb66d4266148455bbddf5d059a483711_i1_0.jpg,,,,,,,,,,,,,,,,,,,,,,,,,,,,,,,,,,,,,,,,,,,,,,,,
352a92fb1f6d4b71b3aafcc74e196234_i0_0.jpg,,,,,,,,,,,,,,,,,,,,,,,,,,,,,,,,,,,,,,,,,,,,,,,,
e34dcf54d26a4a95869cc8a0c01cd2be_i2_5.jpg,bed,74.16,548,-7,713,771,,,,,,,,,,,,,,,,,,,,,,,,,,,,,,,,,,,,,,,,,,
00ebbf3782c64d74aaf7dd39cd561175_i1_2.jpg,,,,,,,,,,,,,,,,,,,,,,,,,,,,,,,,,,,,,,,,,,,,,,,,
cb66d4266148455bbddf5d059a483711_i1_4.jpg,sink,93.86,580,694,258,68,bottle,58.89,567,652,27,100,,,,,,,,,,,,,,,,,,,,,,,,,,,,,,,,,,,,
3577de361e1a46b1be544d37731bfde6_i1_2.jpg,,,,,,,,,,,,,,,,,,,,,,,,,,,,,,,,,,,,,,,,,,,,,,,,
352a92fb1f6d4b71b3aafcc74e196234_i2_2.jpg,,,,,,,,,,,,,,,,,,,,,,,,,,,,,,,,,,,,,,,,,,,,,,,,
df211c2c55f94b87a717ce1469577456_i1_1.jpg,chair,64.05,144,463,1117,551,person,50.02,915,219,299,253,,,,,,,,,,,,,,,,,,,,,,,,,,,,,,,,,,,,
1e86968849944444b66d9537efb5da9e_i2_5.jpg,,,,,,,,,,,,,,,,,,,,,,,,,,,,,,,,,,,,,,,,,,,,,,,,
cb6a9786e4ff47f79a11b024c36ef7c0_i1_1.jpg,bottle,62.76,1218,260,52,86,,,,,,,,,,,,,,,,,,,,,,,,,,,,,,,,,,,,,,,,,,
e0ce09f0178c48e2bbe649d2bf659702_i1_3.jpg,,,,,,,,,,,,,,,,,,,,,,,,,,,,,,,,,,,,,,,,,,,,,,,,
08c774f20c984008882da2b8547850eb_i0_5.jpg,,,,,,,,,,,,,,,,,,,,,,,,,,,,,,,,,,,,,,,,,,,,,,,,
28db29e8c72c4a68bfdf5bb2b454443d_i1_3.jpg,,,,,,,,,,,,,,,,,,,,,,,,,,,,,,,,,,,,,,,,,,,,,,,,
d65b6505904448d1940e679c9a098047_i0_1.jpg,,,,,,,,,,,,,,,,,,,,,,,,,,,,,,,,,,,,,,,,,,,,,,,,
8ccf449f599a4cd88648e1d0ff39fdd0_i0_0.jpg,,,,,,,,,,,,,,,,,,,,,,,,,,,,,,,,,,,,,,,,,,,,,,,,
5e9f4f8654574e699480e90ecdd150c8_i0_0.jpg,,,,,,,,,,,,,,,,,,,,,,,,,,,,,,,,,,,,,,,,,,,,,,,,
558ba0761bf24428b9cf91e60333ea25_i0_4.jpg,,,,,,,,,,,,,,,,,,,,,,,,,,,,,,,,,,,,,,,,,,,,,,,,
c8112f69d34d476fbb29e6b3909deba2_i0_1.jpg,,,,,,,,,,,,,,,,,,,,,,,,,,,,,,,,,,,,,,,,,,,,,,,,
5e9f4f8654574e699480e90ecdd150c8_i2_2.jpg,chair,95.51,242,126,353,570,,,,,,,,,,,,,,,,,,,,,,,,,,,,,,,,,,,,,,,,,,
8ccf449f599a4cd88648e1d0ff39fdd0_i2_2.jpg,,,,,,,,,,,,,,,,,,,,,,,,,,,,,,,,,,,,,,,,,,,,,,,,
d65b6505904448d1940e679c9a098047_i2_3.jpg,,,,,,,,,,,,,,,,,,,,,,,,,,,,,,,,,,,,,,,,,,,,,,,,
d160d2229e4148839ef3a43dbc0ecdc4_i1_5.jpg,toilet,65.96,309,824,418,187,,,,,,,,,,,,,,,,,,,,,,,,,,,,,,,,,,,,,,,,,,
6800f98e9e67463e9928a4253253bc2f_i2_4.jpg,,,,,,,,,,,,,,,,,,,,,,,,,,,,,,,,,,,,,,,,,,,,,,,,
30c97842da204e6290ac32904c924e17_i2_5.jpg,chair,76.91,265,16,961,971,,,,,,,,,,,,,,,,,,,,,,,,,,,,,,,,,,,,,,,,,,
c8112f69d34d476fbb29e6b3909deba2_i2_3.jpg,chair,97.88,679,4,309,337,chair,96.66,972,6,279,236,,,,,,,,,,,,,,,,,,,,,,,,,,,,,,,,,,,,
c8112f69d34d476fbb29e6b3909deba2_i2_2.jpg,,,,,,,,,,,,,,,,,,,,,,,,,,,,,,,,,,,,,,,,,,,,,,,,
6800f98e9e67463e9928a4253253bc2f_i2_5.jpg,,,,,,,,,,,,,,,,,,,,,,,,,,,,,,,,,,,,,,,,,,,,,,,,
d160d2229e4148839ef3a43dbc0ecdc4_i1_4.jpg,,,,,,,,,,,,,,,,,,,,,,,,,,,,,,,,,,,,,,,,,,,,,,,,
30c97842da204e6290ac32904c924e17_i2_4.jpg,sofa,78.76,57,3,1185,1008,,,,,,,,,,,,,,,,,,,,,,,,,,,,,,,,,,,,,,,,,,
8ccf449f599a4cd88648e1d0ff39fdd0_i2_3.jpg,vase,86.2,418,316,100,170,vase,77.2,589,196,61,73,chair,66.05,207,684,394,327,,,,,,,,,,,,,,,,,,,,,,,,,,,,,,
5e9f4f8654574e699480e90ecdd150c8_i2_3.jpg,chair,96.9,54,215,529,618,oven,83.61,804,11,298,222,chair,75.05,577,466,523,577,,,,,,,,,,,,,,,,,,,,,,,,,,,,,,
d65b6505904448d1940e679c9a098047_i2_2.jpg,,,,,,,,,,,,,,,,,,,,,,,,,,,,,,,,,,,,,,,,,,,,,,,,
558ba0761bf24428b9cf91e60333ea25_i0_5.jpg,,,,,,,,,,,,,,,,,,,,,,,,,,,,,,,,,,,,,,,,,,,,,,,,
c8112f69d34d476fbb29e6b3909deba2_i0_0.jpg,,,,,,,,,,,,,,,,,,,,,,,,,,,,,,,,,,,,,,,,,,,,,,,,
d65b6505904448d1940e679c9a098047_i0_0.jpg,,,,,,,,,,,,,,,,,,,,,,,,,,,,,,,,,,,,,,,,,,,,,,,,
28db29e8c72c4a68bfdf5bb2b454443d_i1_2.jpg,,,,,,,,,,,,,,,,,,,,,,,,,,,,,,,,,,,,,,,,,,,,,,,,
08c774f20c984008882da2b8547850eb_i0_4.jpg,,,,,,,,,,,,,,,,,,,,,,,,,,,,,,,,,,,,,,,,,,,,,,,,
5e9f4f8654574e699480e90ecdd150c8_i0_1.jpg,,,,,,,,,,,,,,,,,,,,,,,,,,,,,,,,,,,,,,,,,,,,,,,,
8ccf449f599a4cd88648e1d0ff39fdd0_i0_1.jpg,,,,,,,,,,,,,,,,,,,,,,,,,,,,,,,,,,,,,,,,,,,,,,,,
e0ce09f0178c48e2bbe649d2bf659702_i1_2.jpg,,,,,,,,,,,,,,,,,,,,,,,,,,,,,,,,,,,,,,,,,,,,,,,,
cb6a9786e4ff47f79a11b024c36ef7c0_i1_0.jpg,toilet,75.19,929,598,350,426,,,,,,,,,,,,,,,,,,,,,,,,,,,,,,,,,,,,,,,,,,
1e86968849944444b66d9537efb5da9e_i2_4.jpg,refrigerator,51.85,40,46,1147,942,,,,,,,,,,,,,,,,,,,,,,,,,,,,,,,,,,,,,,,,,,
df211c2c55f94b87a717ce1469577456_i1_0.jpg,sofa,83.36,422,337,855,680,,,,,,,,,,,,,,,,,,,,,,,,,,,,,,,,,,,,,,,,,,
352a92fb1f6d4b71b3aafcc74e196234_i2_3.jpg,,,,,,,,,,,,,,,,,,,,,,,,,,,,,,,,,,,,,,,,,,,,,,,,
3577de361e1a46b1be544d37731bfde6_i1_3.jpg,,,,,,,,,,,,,,,,,,,,,,,,,,,,,,,,,,,,,,,,,,,,,,,,
cb66d4266148455bbddf5d059a483711_i1_5.jpg,bowl,68.48,929,812,102,45,,,,,,,,,,,,,,,,,,,,,,,,,,,,,,,,,,,,,,,,,,
00ebbf3782c64d74aaf7dd39cd561175_i1_3.jpg,,,,,,,,,,,,,,,,,,,,,,,,,,,,,,,,,,,,,,,,,,,,,,,,
352a92fb1f6d4b71b3aafcc74e196234_i0_1.jpg,,,,,,,,,,,,,,,,,,,,,,,,,,,,,,,,,,,,,,,,,,,,,,,,
e34dcf54d26a4a95869cc8a0c01cd2be_i2_4.jpg,chair,78.6,1029,1,245,274,,,,,,,,,,,,,,,,,,,,,,,,,,,,,,,,,,,,,,,,,,
51857544c192476faebf212acb1b3d90_i1_4.jpg,tvmonitor,53.65,4,587,475,436,,,,,,,,,,,,,,,,,,,,,,,,,,,,,,,,,,,,,,,,,,
352a92fb1f6d4b71b3aafcc74e196234_i0_3.jpg,,,,,,,,,,,,,,,,,,,,,,,,,,,,,,,,,,,,,,,,,,,,,,,,
5b9b2794954e4694a45fc424a8643081_i1_5.jpg,,,,,,,,,,,,,,,,,,,,,,,,,,,,,,,,,,,,,,,,,,,,,,,,
c429b363fd3145fe8a7631bbe9644066_i1_5.jpg,chair,89.81,1001,819,235,148,chair,78.46,529,761,174,123,bowl,75.05,17,927,340,105,chair,58.15,865,918,390,109,chair,56.77,840,741,173,137,tvmonitor,56.39,18,398,379,505,,,,,,,,,,,,
50c241453dfd45c1ba95b5d7191982ef_i1_4.jpg,bed,84.29,24,753,1225,246,,,,,,,,,,,,,,,,,,,,,,,,,,,,,,,,,,,,,,,,,,
00ebbf3782c64d74aaf7dd39cd561175_i1_1.jpg,,,,,,,,,,,,,,,,,,,,,,,,,,,,,,,,,,,,,,,,,,,,,,,,
1e86968849944444b66d9537efb5da9e_i0_4.jpg,,,,,,,,,,,,,,,,,,,,,,,,,,,,,,,,,,,,,,,,,,,,,,,,
3577de361e1a46b1be544d37731bfde6_i1_1.jpg,tvmonitor,50.07,3,2,349,235,,,,,,,,,,,,,,,,,,,,,,,,,,,,,,,,,,,,,,,,,,
352a92fb1f6d4b71b3aafcc74e196234_i2_1.jpg,chair,62.52,283,13,958,656,,,,,,,,,,,,,,,,,,,,,,,,,,,,,,,,,,,,,,,,,,
e34dcf54d26a4a95869cc8a0c01cd2be_i0_4.jpg,,,,,,,,,,,,,,,,,,,,,,,,,,,,,,,,,,,,,,,,,,,,,,,,
df211c2c55f94b87a717ce1469577456_i1_2.jpg,person,71.37,100,379,266,133,chair,52.35,9,480,440,534,,,,,,,,,,,,,,,,,,,,,,,,,,,,,,,,,,,,
cb6a9786e4ff47f79a11b024c36ef7c0_i1_2.jpg,chair,87.2,1020,474,199,206,chair,52.07,1191,463,87,529,,,,,,,,,,,,,,,,,,,,,,,,,,,,,,,,,,,,
e0ce09f0178c48e2bbe649d2bf659702_i1_0.jpg,bottle,50.18,563,931,35,88,,,,,,,,,,,,,,,,,,,,,,,,,,,,,,,,,,,,,,,,,,
8ccf449f599a4cd88648e1d0ff39fdd0_i0_3.jpg,,,,,,,,,,,,,,,,,,,,,,,,,,,,,,,,,,,,,,,,,,,,,,,,
5e9f4f8654574e699480e90ecdd150c8_i0_3.jpg,,,,,,,,,,,,,,,,,,,,,,,,,,,,,,,,,,,,,,,,,,,,,,,,
d65b6505904448d1940e679c9a098047_i0_2.jpg,,,,,,,,,,,,,,,,,,,,,,,,,,,,,,,,,,,,,,,,,,,,,,,,
28db29e8c72c4a68bfdf5bb2b454443d_i1_0.jpg,,,,,,,,,,,,,,,,,,,,,,,,,,,,,,,,,,,,,,,,,,,,,,,,
8a0f2f1a8ea441658501561e5dc34a3e_i1_4.jpg,bed,75.61,-18,664,510,366,,,,,,,,,,,,,,,,,,,,,,,,,,,,,,,,,,,,,,,,,,
6800f98e9e67463e9928a4253253bc2f_i0_5.jpg,,,,,,,,,,,,,,,,,,,,,,,,,,,,,,,,,,,,,,,,,,,,,,,,
30c97842da204e6290ac32904c924e17_i0_4.jpg,,,,,,,,,,,,,,,,,,,,,,,,,,,,,,,,,,,,,,,,,,,,,,,,
c8112f69d34d476fbb29e6b3909deba2_i0_2.jpg,,,,,,,,,,,,,,,,,,,,,,,,,,,,,,,,,,,,,,,,,,,,,,,,
10c252c90fa24ef3b698c6f54d984c5c_i1_4.jpg,bed,80.67,1,653,178,367,,,,,,,,,,,,,,,,,,,,,,,,,,,,,,,,,,,,,,,,,,
d65b6505904448d1940e679c9a098047_i2_0.jpg,,,,,,,,,,,,,,,,,,,,,,,,,,,,,,,,,,,,,,,,,,,,,,,,
08c774f20c984008882da2b8547850eb_i2_4.jpg,chair,95.24,433,380,448,640,,,,,,,,,,,,,,,,,,,,,,,,,,,,,,,,,,,,,,,,,,
5e9f4f8654574e699480e90ecdd150c8_i2_1.jpg,chair,95.64,715,121,439,619,chair,75.54,466,5,371,402,,,,,,,,,,,,,,,,,,,,,,,,,,,,,,,,,,,,
8ccf449f599a4cd88648e1d0ff39fdd0_i2_1.jpg,,,,,,,,,,,,,,,,,,,,,,,,,,,,,,,,,,,,,,,,,,,,,,,,
558ba0761bf24428b9cf91e60333ea25_i2_5.jpg,sink,96.73,588,39,345,170,,,,,,,,,,,,,,,,,,,,,,,,,,,,,,,,,,,,,,,,,,
c8112f69d34d476fbb29e6b3909deba2_i2_0.jpg,,,,,,,,,,,,,,,,,,,,,,,,,,,,,,,,,,,,,,,,,,,,,,,,
558ba0761bf24428b9cf91e60333ea25_i2_4.jpg,,,,,,,,,,,,,,,,,,,,,,,,,,,,,,,,,,,,,,,,,,,,,,,,
c8112f69d34d476fbb29e6b3909deba2_i2_1.jpg,,,,,,,,,,,,,,,,,,,,,,,,,,,,,,,,,,,,,,,,,,,,,,,,
08c774f20c984008882da2b8547850eb_i2_5.jpg,,,,,,,,,,,,,,,,,,,,,,,,,,,,,,,,,,,,,,,,,,,,,,,,
d65b6505904448d1940e679c9a098047_i2_1.jpg,,,,,,,,,,,,,,,,,,,,,,,,,,,,,,,,,,,,,,,,,,,,,,,,
8ccf449f599a4cd88648e1d0ff39fdd0_i2_0.jpg,sink,84.45,424,184,598,310,bottle,72.08,1074,307,170,209,,,,,,,,,,,,,,,,,,,,,,,,,,,,,,,,,,,,
5e9f4f8654574e699480e90ecdd150c8_i2_0.jpg,chair,99.21,0,103,255,298,chair,97.46,192,85,307,336,chair,69.18,444,68,320,264,,,,,,,,,,,,,,,,,,,,,,,,,,,,,,
10c252c90fa24ef3b698c6f54d984c5c_i1_5.jpg,sofa,99.52,-9,708,1053,328,,,,,,,,,,,,,,,,,,,,,,,,,,,,,,,,,,,,,,,,,,
c8112f69d34d476fbb29e6b3909deba2_i0_3.jpg,,,,,,,,,,,,,,,,,,,,,,,,,,,,,,,,,,,,,,,,,,,,,,,,
6800f98e9e67463e9928a4253253bc2f_i0_4.jpg,,,,,,,,,,,,,,,,,,,,,,,,,,,,,,,,,,,,,,,,,,,,,,,,
30c97842da204e6290ac32904c924e17_i0_5.jpg,,,,,,,,,,,,,,,,,,,,,,,,,,,,,,,,,,,,,,,,,,,,,,,,
5e9f4f8654574e699480e90ecdd150c8_i0_2.jpg,,,,,,,,,,,,,,,,,,,,,,,,,,,,,,,,,,,,,,,,,,,,,,,,
8ccf449f599a4cd88648e1d0ff39fdd0_i0_2.jpg,,,,,,,,,,,,,,,,,,,,,,,,,,,,,,,,,,,,,,,,,,,,,,,,
28db29e8c72c4a68bfdf5bb2b454443d_i1_1.jpg,,,,,,,,,,,,,,,,,,,,,,,,,,,,,,,,,,,,,,,,,,,,,,,,
8a0f2f1a8ea441658501561e5dc34a3e_i1_5.jpg,diningtable,69.12,262,753,285,271,,,,,,,,,,,,,,,,,,,,,,,,,,,,,,,,,,,,,,,,,,
d65b6505904448d1940e679c9a098047_i0_3.jpg,,,,,,,,,,,,,,,,,,,,,,,,,,,,,,,,,,,,,,,,,,,,,,,,
e0ce09f0178c48e2bbe649d2bf659702_i1_1.jpg,,,,,,,,,,,,,,,,,,,,,,,,,,,,,,,,,,,,,,,,,,,,,,,,
cb6a9786e4ff47f79a11b024c36ef7c0_i1_3.jpg,,,,,,,,,,,,,,,,,,,,,,,,,,,,,,,,,,,,,,,,,,,,,,,,
df211c2c55f94b87a717ce1469577456_i1_3.jpg,,,,,,,,,,,,,,,,,,,,,,,,,,,,,,,,,,,,,,,,,,,,,,,,
352a92fb1f6d4b71b3aafcc74e196234_i2_0.jpg,,,,,,,,,,,,,,,,,,,,,,,,,,,,,,,,,,,,,,,,,,,,,,,,
e34dcf54d26a4a95869cc8a0c01cd2be_i0_5.jpg,,,,,,,,,,,,,,,,,,,,,,,,,,,,,,,,,,,,,,,,,,,,,,,,
3577de361e1a46b1be544d37731bfde6_i1_0.jpg,,,,,,,,,,,,,,,,,,,,,,,,,,,,,,,,,,,,,,,,,,,,,,,,
1e86968849944444b66d9537efb5da9e_i0_5.jpg,,,,,,,,,,,,,,,,,,,,,,,,,,,,,,,,,,,,,,,,,,,,,,,,
00ebbf3782c64d74aaf7dd39cd561175_i1_0.jpg,,,,,,,,,,,,,,,,,,,,,,,,,,,,,,,,,,,,,,,,,,,,,,,,
5b9b2794954e4694a45fc424a8643081_i1_4.jpg,,,,,,,,,,,,,,,,,,,,,,,,,,,,,,,,,,,,,,,,,,,,,,,,
50c241453dfd45c1ba95b5d7191982ef_i1_5.jpg,,,,,,,,,,,,,,,,,,,,,,,,,,,,,,,,,,,,,,,,,,,,,,,,
c429b363fd3145fe8a7631bbe9644066_i1_4.jpg,chair,78.07,187,787,273,232,diningtable,74.51,4,720,362,276,tvmonitor,54.21,1160,472,119,370,,,,,,,,,,,,,,,,,,,,,,,,,,,,,,
51857544c192476faebf212acb1b3d90_i1_5.jpg,bed,99.71,121,659,1058,373,,,,,,,,,,,,,,,,,,,,,,,,,,,,,,,,,,,,,,,,,,
352a92fb1f6d4b71b3aafcc74e196234_i0_2.jpg,,,,,,,,,,,,,,,,,,,,,,,,,,,,,,,,,,,,,,,,,,,,,,,,